color,color-family,,,
a case of the blues,blue,,,
a fuschia too many,purple,,,
a28fairislenylon,beige,,,
abalone shell,brown,,,
abandon,black,,,
abbey,beige,,,
abbey road,beige,,,
abricot,orange,yellow,,
absolute,beige,,,
absolute ecru 210 (w),beige,pink,,
abstract,beige,green,purple,
abstract paint print combo,beige,green,purple,
abstract print,beige,green,purple,
abundance,beige,pink,blue,
abyss,beige,,,
abyss pigment,black,pink,,
abyssinia,black,gray,,
acacia wood,brown,,,
acai,blue,purple,,
acai crush,red,,,
acajou,black,,,
access all areas,black,,,
acid,black,,,
acid storm,black,yellow,gray,
acidblue,blue,,,
aciddipblackgold,black,black,gold,
acidgreen,green,,,
acidred,red,,,
acidwash,black,,,
acidwashmulti,black,white,,
acidwashred,black,white,red,
acidyellow,yellow,,,
acorn,brown,,,
acrade,black,,,
across the universe (g),black,,,
acrosstheuniverse,black,,,
acticwhite,white,,,
active,black,,,
active chalk,black,,,
activeorange,orange,,,
adelaide,black,,,
adjust,black,,,
admiral navy,blue,,,
admiralautmnbr,black,,,
adobe,blue,,,
adonis jean,black,baige,blue,
adore u,blue,pink,,
adore-a-ball ( s ),blue,,,
adriatic sea,blue,,,
aegean,blue,,,
aero,blue,,,
afairislenylon,blue,gray,pink,
affectionoui,blue,brown,white,
affogato,blue,pink,,
aflightpinkmetall,pink,,,
africa,black,,,
african,black,,,
african violet (l),purple,,,
africanprint,blue,baige,yellow,
after hours,blue,,,
after party,blue,pink,,
after school boy blazer (c),blue,black,silver,
after sex ( f ),blue,pink,,
afterglow (sc),blue,,,
afterpartysmoothin,blue,pink,,
aftersun,yellow,orange,,
agate,blue,gray,,
agave nectar melange,blue,gray,,
agave nectar multi,blue,black,white,
aged indigo,blue,,,
aged royal,blue,,,
aged wine heather,red,,,
agedcali,blue,black,,
agile noir,black,,,
aglow,blue,,,
agold,gold,,,
air,blue,,,
air kiss,blue,red,,
airforcegray,gray,,,
airforcegrey,blue,gray,,
ak,blue,white,,
akoya pearl,white,,,
akya heather,blue,gray,,
al,blue,,,
alabama,blue,white,,
alabama crimson,blue,,,
alabaster,white,,,
alarm,red,,,
alaska,blue,,,
alba,blue,,,
albaorange,orange,,,
albatross,blue,,,
alder,blue,,,
alexaforeyeko,blue,,,
alexandrite,blue,,,
alexis,blue,,,
alhambra,blue,,,
ali,blue,,,
aliamanu,blue,,,
all about alex,blue,,,
all about me,blue,,,
all done up,blue,,,
all heart,red,,,
all made up (sh),blue,,,
all skin types,blue,,,
all t hat brightens (sh),blue,,,
all that glistens (sh),blue,,,
all that glitters (sh),blue,,,
all that shiraz,blue,,,
all that sparkles (sh),blue,,,
all you ever do is taupe,blue,,,
allleopard,blue,,,
alloverprint,blue,,,
alloy,silver,,,
allure,blue,,,
allure ( s ),blue,,,
alluring azaleas,blue,,,
almond,blue,,,
almond blossom blend,brown,red,,
almond calf,blue,white,,
almond calf/ python print,blue,white,red,
almond ombre,blue,,,
almond petrol patent,blue,,,
almond suede,blue,,,
almondlinseed,blue,,,
aloe,green,,,
aloe geo daisy,blue,,,
aloha,blue,,,
alpaca,white,,,
alpine,blue,,,
alpinewhite,white,,,
aluminum,silver,,,
aluminum specchio,blue,,,
aluminum/ kombi,blue,,,
alvin,blue,,,
always fuchsia,purple,,,
alwaysnever,blue,,,
amalfi,blue,,,
amalfi dream,pink,red,purple,
amande sucree,blue,,,
amandelle,blue,,,
amaretto,blue,,,
amaryllis,blue,,,
amazing grace (c),blue,,,
amazon,green,,,
amazon/ reef,blue,,,
amazonjungleprint,blue,,,
amber,gold,,,
amber eclat,blue,,,
amber-,brown,,,
amberglass,gold,,,
ambergold,gold,,,
ambition,blue,,,
ambre rose,blue,,,
ambrosia,blue,,,
amelia,blue,,,
amelie,blue,,,
americana,blue,,,
americanflag,red,white,blue,
amerillisyellow,yellow,,,
amethyst,purple,,,
amethyst glam,purple,,,
amethyst spark (sh),purple,,,
ametrine,purple,gold,,
amore,red,,,
amp,blue,,,
ampersand,blue,,,
ample amber,blue,,,
anais,blue,,,
anchrprnt,blue,,,
andorrared,blue,,,
andover heather,blue,,,
andreaflower,blue,,,
andrew stripe,blue,,,
android,blue,,,
angel,white,yellow,,
angel dust,blue,,,
angel eyes,blue,,,
angel food,blue,,,
angel food ( sh ),blue,,,
angel regal,blue,,,
angel wings,white,,,
angelfalls,blue,,,
angelic psychadelic,blue,,,
angelique lashes,blue,,,
angelo blanket blue- cobalt,blue,,,
angelo blanket gray- urban,gray,,,
angels,blue,,,
angelwhite,white,,,
angora cardi ( c ),blue,,,
ani,blue,,,
animal,blue,,,
animal patent,blue,,,
animal print,blue,,,
animal warp combo,brown,,,
animalblueprint,brown,,,
animalfleurprint,brown,,,
animalgold,gold,,,
animalkingdom,brown,,,
animalpaisley,brown,,,
animalprint,brown,,,
animalprintblue,blue,,,
anise,brown,,,
anitque bronze,brown,,,
ann,brown,,,
anna,brown,,,
annapurna,brown,,,
annees folles,brown,,,
annette,brown,,,
anotherbloody,brown,,,
ant gold/clear crys,brown,,,
antelope,brown,,,
antgold,brown,gold,,
antgoldantsilver,gold,silver,,
anth combo,brown,,,
anthracite,brown,,,
antiageing,brown,,,
antique,brown,,,
antique bronze,brown,,,
antique cigar,brown,,,
antique cigar featherstone,brown,gray,,
antique combo,brown,,,
antique honey,gold,,,
antique jade,green,,,
antique mahogany,brown,,,
antique pewter,gray,silver,,
antique ro,brown,,,
antique silver,silver,,,
antique wash,brown,,,
antiqueblackmulti,black,,,
antiqueblacksilver,silver,black,,
antiquebronze,brown,,,
antiquechoc,brown,,,
antiqued bronze glitter,brown,,,
antiquedsilver,silver,,,
antiquegold,gold,,,
antiquerhodium,silver,,,
antiquerose,red,,,
antiquesilver,silver,,,
antonio,brown,,,
antracite,brown,,,
antrasit,brown,,,
antwerp,brown,,,
aplum,brown,,,
apocaliptic,brown,,,
apollo,brown,,,
apple,red,,,
apple & custard,red,white,,
apple brandy,purple,red,,
apple cordial,red,,,
apple print,red,black,,
appleblossom,red,blue,,
appleblossomstrawb,red,blue,red,
applechevron,red,,,
applegreen,green,,,
appleprint,red,,,
apples,red,,,
appletini,red,,,
apricot,orange,,,
apricot flower,orange,green,,
apricot flower kaleidoscope,orange,,,
apricot shimmer 02,orange,,,
apricot sun,orange,yellow,,
apricotapricot,orange,,,
apricotblush,orange,blue,,
apricotreef,orange,,,
apricottoner,orange,,,
aprictoblack,brown,,,
aqua,blue,,,
aqua clearwater sparkle,white,blue,,
aquablack,dark,blue,black,
aquablue,blue,,,
aquadipdye,blue,,,
aquadot,blue,,,
aquafir,blue,,,
aquafloral,blue,,,
aquagold,blue ,gold,,
aquagraphic,blue,,,
aquamarine,blue,,,
aquarelle,blue,,,
aquarius,blue,,,
aquasky,blue,,,
aquatic,blue,,,
aquatic combo,blue,,,
aquatic floral,blue,,,
aqueous,blue,,,
ar,brown,,,
arabesque,brown,,,
arabian night multi,brown,,,
arabian nights,brown,,,
aragon,green,,,
arancio,orange,red,,
arancio orange,orange,,,
arantherea,red,,,
arc de triomphe,white,brown,beige,
arc tee in maroon,red,purple,,
arcadia,blue,black,,
archaic,blue,white,,
archblue,blue,,,
architettura,blue,white,,
archive,brown,,,
arctic,white,,,
arctic bay,brown,,,
arctic selvedge,brown,,,
arctic zinc,brown,,,
ardabil,beige,red,,
ardent,red,,,
ardent combo,red,purple,,
ardesia,blue,gray,,
argent,brown,,,
argenta tampanato,brown,,,
argentina,blue,,,
argento,brown,,,
argento (silver),blue,silver,,
argento reflectiv,blue,silver,,
argento roccia,blue,silver,,
argo,gray,,,
argon,purple,,,
argus,brown,,,
argyle,brown,,,
aria,brown,,,
aries,brown,,,
arista,brown,,,
arizona,brown,,,
arkansas,brown,,,
arkansas maroon,brown,,,
armada,brown,,,
armada mul,brown,,,
armada multi,brown,,,
armed,gold,,,
armed and ready (sh),gold,,,
armfix,gold,,,
armitage,gold,blue,green,
armor,silver,,,
armor (gunmetal),silver,black,,
armor nylon,beige,brown,,
armour heather,gray,black,,
army,gold,,,
army combo,green,,,
army green,green,,,
army grn multi,green,,,
army melange,green,gray,,
army multi,green,,,
army ow,green,,,
army plain,green,,,
army print,green,black,,
army rubber,green,beige,,
army sateen,green,brown,,
army stripe,green,beige,,
army suede,green,beige,,
army tiger,green,beige,,
armycombo,gold,,,
armygreen,gold,,,
arnica,green,yellow,,
arnl_black,black,,,
arnl_green,green,,,
arnl_grey,gray,,,
arnl_tan,beige,,,
aromatefarine,gold,,,
around the world,black,gray,,
arrow,black,white,,
arrows,black,white,,
arsbos,black,white,,
arsenal,black,,,
arsenic,black,,,
arsenic heather,black,blue,,
arsgas,black,brown,,
arsgbbk,black,,,
arsgbcf,black,,,
arsgbcp,black,,,
arsgbk,black,,,
arsgbkr,black,,,
arsgbs,black,,,
arsgcf,black,,,
arsgecpg,black,,,
arsgecprd,black,,,
arsgrd,black,,,
art deco,red,pink,purple,
art nouveau jacquard,black,gray,,
art nveau jcquard,black,gray,,
art print,black,yellow,red,
art school,black,yellow,red,
art stripe,black,red,,
artemis,yellow,gold,,
artemisia pattern,blue,,,
artichoke,gold,,,
articice,white,,,
artist,black,,,
artist vintage,gray,,,
artist(multi),black,red,,
arty,blue,purple,,
aruba,blue,,,
arvin combo,brown,,,
ascend,gray,,,
ascott,red,white,,
asd,black,,,
ash,gray,,,
ash (grey),gray,,,
ash (melange),gray,,,
ash (silver),silver,,,
ash blonde,gold,,,
ash combo,gray,,,
ash heather,gray,,,
ash marl,gray,,,
ash melang,black,gray,,
ash melange,gray,,,
ash nordic,gray,beige,,
ash nubuck,beige,white,,
ash ombre,white,,,
ash taki,white,blue,,
ash/ guava combo,gray,,,
ashburryband,beige,brown,,
ashbury,gray,,,
ashen,gray,,,
ashes,black,,,
ashes of rose multi,black,red,,
ashgold,gray,gold,,
ashgray,black,gray,,
ashgrey,gray,,,
ashley,red,,,
ashofroses,gray,,,
ashwood,beige,,,
ashy,black,yellow,,
asia plum,purple,,,
asian barn,black,brown,,
asian blossom,pink,,,
asian butterfly print,black,blue,,
asleep in life.,purple,,,
asparagus,green,,,
aspen,brown`,,,
aspen snow,gray,,,
asphalt,gray,,,
asphalt(grey),gray,black,,
asphalt/ gunmetal,gray,,,
asphault(grey),gray,black,,
assorted,gray,,,
assorted bengal stripe,blue,black,,
assorted colors,red,yellow,purple,
assorted dot,red,yellow,purple,
assorted tartan,red,blue,,
assortment,gray,,,
asst,red,,,
asst.....,red,,,
aster,red,,,
aster leather,gray,,,
aston,blue,silver,,
astor,red,pink,,
astra aura,blue,silver,,
astral,red,pink,,
astral aura,blue,silver,,
astrid,gray,blue,,
astro,black,white,,
astro dreamer,black,blue,white,
astro turf,gray,,,
astrodreamer,black,blue,white,
astronomy,black,blue,,
astros,gray,,,
asyouwantvictoria,gray,,,
at,gray,black,,
at dusk,gray,,,
at last,white,black,,
atalanta,blue,yellow,,
athena,white,gold,,
athens,gray,,,
athletic,gray,blue,,
athletic grey,gray,blue,,
athletic heather,gray,,,
athletic heather and natural,gray,blue,,
athletic heather fleece,gray,,,
athletic terry,gray,,,
athleticgray,gray,,,
athleticgraymarl,gray,,,
athleticgrey,gray,,,
athleticgreymarl,gray,,,
athletics,gray,,,
atl,gray,blue,,
atlant,gray,,,
atlanta braves,gray,,,
atlanta falcons,gray,,,
atlantic,blue,green,,
atlantic/ rugiada/ luna,gray,,,
atlanticsuede,gray,,,
atlantis,blue,,,
atlantis aqua,blue,,,
atlas,blue,red,yellow,
atlnticblu,blue,red,,
atmosphere,blue,black,,
atnm midnight fog,blue,,,
atod blackwell,black,,,
atom,gray,,,
atomic,black,yellow,,
atomicblue,blue,,,
atotz,white,,,
atout coeur,red,,,
atovwa,white,black,,
atowwa,white,black,,
atowwb,black,red,,
atowws,blue,,,
atqgld,brown,gray,,
att water,blue,purple,,
attitude,gray,,,
attractive monica,red,pink,,
attrape coeur,purple,white,,
attwater,blue,purple,,
atwater,blue,,,
au lait,brown,,,
au natural,gray,,,
au natural ( s ),gray,,,
au natural leather,gray,,,
aub velt,gray,,,
aubergine,gray,,,
aubergineaspengold,gray,gold,,
auberginepurple,gray,purple,,
auberginesunkistco,gray,,,
auberine,gray,,,
auburgine,gray,,,
auburn,brown,,,
audaciaous plum,gray,,,
audacity,gray,,,
audrey,gray,,,
aug,gray,,,
augerine,gray,,,
august,gray,,,
august peridot,gray,,,
augusta,gray,,,
aur,gray,,,
aura,gray,,,
aurburn natural,gray,,,
auria,gray,,,
auria classic,gray,,,
aurora,gray,,,
aurora (lt mint),gray,green,,
aurora (lt. mint),gray,green,,
aurora boreale,gray,green,,
aurorapurplebow,purple,,,
auroraredsmokedp,red,,,
auspicious,green,,,
aussie coral,red,pink,,
aussiecrl,blue,purple,,
austere,green,,,
austin,pink,,,
austin combo,pink,purple,,
australe natural,green,,,
authentic,green,,,
authentic wash,blue,,,
authenticgray,gray,,,
authenticgrey,green,,,
autmn spice,black,brown,,
auto stripe,red,,,
autochrome,green,,,
automne,beige,brown,,
autumn,brown,orange,,
auzrine,yellow,,,
av,red,yellow,,
ava,green,,,
ava chambray,blue,white,,
avana,green,,,
avant,blue,white,,
avant garde,green,,,
aveline,green,,,
aventure,green,,,
avenue,green,,,
avenue maintain ( c ),green,,,
avenue montaigne,green,,,
avian,green,,,
aviary,green,,,
aviator costae,green,,,
aviatorkleinblue,green,,,
aviatorkleinblue4,blue,,,
aviatorshadow,green,,,
aviatorshadow42,green,,,
avio blue,blue,,,
avocado,green,,,
avorio,beige,white,,
awake,green,,,
awakening,green,,,
awe tights,blue,purple,,
awesomeapricot,orange,,,
axel,red,,,
axkl silverlake,blue,,,
axl,red,,,
axle,green,,,
axqm cypress peak,blue,,,
axtx,blue,,,
axtxr,blue,,,
aya,blue,,,
az,green,,,
azalea,green,,,
azalea (fuchsia),pink,,,
azalea multi,pink,,,
azalea(begonia),pink,,,
azalia,pink,,,
azela combo,pink,,,
azide,pink,,,
aztec,gold,,,
aztec pony,gold,white,,
aztecmulti,green,,,
aztecorange,gold,orange,,
aztecprint,gold,black,,
aztecsequin,green,,,
aztecwhiteblue,gold,white,blue,
aztek,green,,,
azu,green,,,
azul,green,,,
azuleijo,green,,,
azur,blue,,,
azure,blue,,,
azureblue,blue,,,
azuregold,gold,,,
azurin,blue,,,
azurine,blue,,,
azurit,blue,,,
azurite,blue,,,
azurite multi,blue,,,
azuro,green,,,
azuro/ kombi,green,,,
azzuro,blue,,,
azzurro,blue,,,
b,green,,,
b fall in rose,purple,pink,,
b ivry,red,yellow,,
b lovered,red,white,,
b rose bonheur,brown,,,
b rose boudoir,black,purple,,
b rose flaneuse,red,pink,,
b rose pitimini,pink,,,
b rouge in love,red,pink,,
b t nvy,blue,,,
b tblue,blue,,,
b very deep biege,blue,beige,,
b violette coquette,purple,,,
b00,green,,,
b100 very deep biege,beige,,,
babe,brown,,,
baby,gray,,,
baby baby,gray,,,
baby boo,gray,,,
baby buff,gray,,,
baby darling,gray,,,
baby doll,gray,white,,
baby doll rose,gray,red,,
baby floral multi,purple,pink,,
baby girl,pink,,,
baby kiss,red,,,
baby lips,green,,,
baby love,red,pink,,
baby love (sh),orange,,,
baby penguin,black,white,,
baby pin dot,purple,red,,
baby pout (sc),orange,,,
baby rose,red,,,
baby's breath ( c ),orange,,,
babybaby,pink,,,
babyblue,blue,,,
babyblush,red,,,
babylon,orange,,,
babypink,pink,,,
bacca,red,pink,,
bachelorette bash ( c ),orange,pink,,
baci xxx,orange,,,
bacio,black,white,,
back,blue,,,
back multi,blue,red,yellow,
back to basics,orange,black,,
back to the fucshia,purple,,,
back to the good fortune teller,black,white,,
back/ kombi,pink,,,
backlash,pink,,,
backstage,black,,,
backyard print,pink,black,,
bad behavior,green,red,,
badbronze,brown,,,
badu,pink,gold,,
bahama,pink,,,
bahama coral,pink,,,
bahama floral print,pink,black,,
bahama mama,pink,,,
bahama mama ( c ),pink,,,
bahamas,black,blue,yellow,
bahia,pink,,,
baiablue,blue,,,
baileyscream,pink,,,
bainbridge,red,,,
baja,pink,,,
baja rose,pink,blue,,
baked apple,pink,,,
baked earth,pink,,,
baked n resin selvage,pink,,,
baked starburst,gray,,,
baked stardust,black,white,,
bakedapple,red,,,
baker street (cream),pink,,,
baker street crystal cap,pink,,,
bakhour,pink,,,
bakora,pink,,,
bal d ete,pink,,,
bal d'ete,pink,,,
bal d\'ete,pink,,,
bal de mai,pink,,,
balance dress,pink,,,
balancing,pink,,,
balck,pink,,,
bali,pink,,,
bali turquoise,blue,,,
ball ( s ),blue,yellow,orange,green
ballade,pink,,,
ballancourt stripe blue,blue,white,,
ballerina,pink,,,
ballerinalightpink,pink,,,
ballet,pink,,,
ballet flats,pink,,,
ballet pink,pink,,,
ballet slipper,pink,,,
ballet slipper multi,pink,,,
ballet slippers ( s ),pink,,,
balletslippers,pink,,,
balloon,pink,blue,,
balloons,pink,blue,,
ballpoint (navy),blue,,,
balsam,green,,,
balsamgreen,green,,,
baltic,pink,,,
baltic floral,purple,,,
baltico,blue,,,
baltik,blue,,,
baltimore orioles,black,orange,,
baltimore ravens,pink,,,
bambi dot,brown,black,,
bambi dot (white),brown,black,,
bamboo,beige,yellow,,
bamboo (l),green,,,
banana,yellow,,,
banana bread,brown,yellow,,
banana creme,yellow,white,,
bananasplit,golden,yellow,,
banar,blue,purple,red,yellow
banar multi,pink,,,
bandanaprint,yellow,black,,
banditoprint,pink,,,
bang,pink,,,
barbados,pink,,,
barbarella (sh),pink,,,
barberry,red,purple,,
barcelona,pink,,,
barcelona rose,pink,,,
bare,pink,,,
bare blush,pink,,,
bare honey,gold,,,
bare lips,pink,,,
bare naked,pink,,,
bare radiance,pink,,,
barely mauve,pink,,,
barely peach,pink,,,
barely there,pink,,,
barely there dot,pink,,,
barelyblack,black,,,
barest,pink,,,
bari stripe,pink,,,
barista,pink,,,
bark,pink,,,
bark heather,pink,,,
bark/ ecru,pink,,,
barley,pink,,,
barley suede,pink,,,
baroloblack,black,,,
baron,pink,,,
baron wash,purple,,,
baroque,purple,,,
baroque (s),purple,,,
baroqueblackwhite,black,white,,
baroquefolk,purple,,,
barracuda/ quince,purple,,,
barrel,purple,,,
barrow street,purple,,,
basalt,purple,,,
basalt kombi,purple,,,
basalt wash,purple,,,
base,purple,,,
basicblue,blue,,,
basil,green,,,
basil street (cream),beige,,,
basil/ planes,purple,,,
basilgreen,dark,green,,
basillemon,yellow,,,
bauhaus,purple,,,
bavaria,purple,,,
baxter,purple,,,
bay,purple,,,
bayberry,purple,,,
baywatchred,red,,,
bb1,purple,,,
bb11,purple,,,
bb3,purple,,,
bb5,purple,,,
bb7,purple,,,
bb9,purple,,,
bd50,purple,,,
be adored,purple,,,
be fierce,purple,,,
be true,purple,,,
be201 cafe creme,purple,,,
be202 caramel,purple,,,
be302 topaz,purple,,,
be303 ingenue,purple,,,
be701 - hazel,purple,,,
be701 lingerie,purple,,,
be702 alabaster,red,,,
be740 vision,red,,,
beach,blue,,,
beach cafe,red,,,
beach cafe ombre,red,,,
beach combo,red,,,
beach glass,red,,,
beach glss,red,,,
beach hut,red,,,
beach leather,red,,,
beach melba,red,,,
beach metals,red,,,
beach pack,red,,,
beach plum,red,,,
beach plum new,red,,,
beach suede,red,,,
beach wash,red,,,
beach wood,red,,,
beachglass,red,,,
beachsand leather,red,,,
beadsprint,red,,,
bears,red,,,
beast camo,red,,,
beat leather,red,,,
beaugonia,red,,,
beaujolais,red,,,
beautiful,red,,,
beautiful liar,red,,,
beauty,red,,,
beauty queen,red,,,
beauty sin,red,,,
beautyblush,red,,,
beaven,red,,,
beaver fur,red,,,
bedofroses,red,,,
beech,red,,,
beechbrownecru,red,,,
beechwood,red,,,
beehive,red,,,
beet,red,,,
beet root,red,,,
beet/ cherry,red,,,
beevenomserum,red,,,
beevenomskin,red,,,
beg,red,,,
begbronze,brown,,,
begoniapink,pink,,,
beguiled,red,,,
beige,beige,,,
beigeblack,black,,,
beigeblackprint,red,,,
beigeblue,blue,,,
beigeburgundymarl,red,,,
beigegreen,green,,,
beigeivory,beige,,,
beigekhaki,red,,,
beigemel,red,,,
beigemelange,red,,,
beigemulti,silver,,,
beigepink,pink,,,
beigeprint,silver,,,
beigered,red,,,
beigerose,red,,,
beigesnake,silver,,,
beigestone,silver,,,
beigetan,silver,,,
belfast,whit,,,
belgium,white,,,
belgium wash,white,,,
belgravia place,white,,,
believe (met),white,,,
belize,white,,,
bella,white,,,
bellagio berry,white,,,
belle de jour,white,,,
belle de jour (sh),white,,,
belle etoile,white,,,
bellini,white,,,
bellini love,white,,,
bellisima,white,,,
bells,white,,,
beluga,white,,,
belugabrown,brown,,,
belugaria,white,,,
ben - light peach shimmer,white,,,
benares,white,,,
bengal stripe,white,,,
bengali,white,,,
bennett,yellow,,,
beret,yellow,,,
bergamotpear,yellow,,,
berkshire camo,yellow,,,
bermuda,yellow,,,
bermuda palm,yellow,,,
bermuda palm multi,yellow,,,
berry,red,blue,,
berry anemone stripe,yellow,,,
berry berry,yellow,,,
berry blush,yellow,,,
berryblack,black,,,
berrypinklilac,pink,,,
bianca,white,,,
bianca ora,white,,,
bianco,white,,,
bianco bluette,white,,,
biarritz,white,,,
bias hearties,purple,red,,
bias stripe,blue,white,,
bic nero,gray,blue,,
bicc dark aged,blue,,,
biege,beige,,,
biege ivoire,beige,,,
big cat,brown,,,
big dot,black,,,
big money,green,,,
big sister,beige,,,
big spender ( c ),green,,,
big sur,blue,,,
big tiger,orange,,,
bight poppy,red,orange,,
bike,gray,,,
bikes,gray,,,
bikini coral,pink,purple,,
bilbao,blue,,,
bilberry,green,blue,,
bill_grey,green,gray,,
bill_tan,green,beige,,
billard,green,white,,
billberry,green,blue,,
billionaire (c),green,silver,,
bimini,blue,,,
bindi,black,brown,,
bingo,red,yellow,,
bionda,gold,,,
birch,beige,,,
birch cat print,red,blue,purple,
birch combo,orange,blue,,
birch multi,green,white,,
birch stripe,gray,black,,
birchwood,brown,gray,,
bird,gray,,,
bird of paradise,gray,blue,,
bird of paradise print,gray,blue,black,
bird print,gray,black,,
birdcage,gray,brown,,
birdie,brown,,,
birds,gray,,,
birds deep mist,gray,,,
birds of paradise,gray,blue,,
birel nero,black,,,
birthday cake,white,brown,,
birthday suit,white,,,
biscay bay,blue,,,
biscayne park,pink,,,
bisco,blue,purple,,
biscotti,beige,brown,,
biscotto,beige,brown,,
biscuit,brown,,,
biscuit (),brown,,,
biscuit heather,brown,,,
biscuit leather,brown,,,
biscuitr,brown,,,
bison,red,,,
bison heather nep and dirt,red,,,
bisou,red,,,
bisque,gray,,,
bisque (c),gray,,,
bisque (lt pink),gray,,,
bisque (n),gray,,,
bisque (pale pnk),gray,,,
bisque (w),gray,,,
bisque c,gray,,,
bisque n,gray,,,
bisque patent,gray,,,
bisque r,gray,,,
bisque w,gray,,,
bistro (luster),gray,,,
bit faker,brown,,,
bit o'honey,brown,yellow,,
bit stone,brown,gray,,
bitten,purple,red,,
bitter bitch,brown,,,
bitter sweet,pink ,red,,
bitter yello,yellow,,,
bittersweet,pink,red,,
bittersweet (red),pink,red,,
bittersweet choco,pink,red,brown,
bitumen,pink,,,
biwa perle,silver,white,,
bjll coppr valley,white,,,
bk,blue,,,
bk byzantium,blue,black,,
bk caviar,blue,red,,
bk leath l,blue,,,
bk tar,blue,,,
bkd,red,,,
bkrg,red,black,,
bl,blue,,,
bl fresco,blue,,,
bl ice,blue,,,
bl punky blues,blue,,,
blac,black,,,
black,black,,,
black (),black,,,
black applique,black,,,
black bling,black,,,
black clear dot,black,,,
black combo,black,,,
black diamon,black,,,
black diamond,black,,,
black face),black,,,
black leopard,black,,,
black multi,black,,,
black pebble,black,,,
black print,black,,,
black python,black,,,
black quartz print,black,,,
black rain,black,,,
black snake,black,,,
black space dye,black,,,
black tumbleweed,black,gray,,
black.blue,black,blue,,
black(oro),black,,,
black),black,,,
black001,black,,,
black09090,black,,,
black19,black,,,
black20,black,,,
black21,black,,,
black26,black,,,
black38,black,,,
black5,black,,,
black500,black,,,
black91,black,,,
black92,black,,,
black95,black,,,
black96,black,,,
black97,black,,,
black98,black,,,
blackamber,black,,,
blackandgrey,black,gray,,
blackandred polka dot,black,red,,
blackberry,black,,,
blackberry granite,black,,,
blackbird,black,blue,,
blackblack,black,,,
blackblacklace,black,,,
blackblackleopard,black,,,
blackblacklion,black,,,
blackblacksole,black,,,
blackbleach,black,white,,
blackblue,black,blue,,
blackblueeye,black,blue,,
blackbluegraymarl,black,blue,gray,
blackboard,black,green,,
blackbook,black,,,
blackbrown,black,,,
blackcanvas,black,,,
blackcarbon,black,,,
blackchalk,black,,,
blackcharcoal,black,,,
blackchromeheart,black,,,
blackcoated,black,,,
blackcobalt,black,,,
blackcrystalmulti,black,blue,,
blacked out,black,,,
blackened ash,black,,,
blackened blue,black,blue,,
blackfox,black,,,
blackgr,black,,,
blackgunmetal,black,,,
blackink,black,,,
blackish,black,,,
blackivory,black,white,,
blackjack,black,white,,
blackjewel,black,,,
blacklash,black,,,
blackleather,black,,,
blacklilac,black,,,
blacklong,black,,,
blacklonger,black,,,
blacklongerleg,black,,,
blacklongerlength,black,,,
blacklonglength,black,,,
blackmidnight,black,,,
blackmink,black,,,
blackmocha,black,,,
blackmulti,black,purple,blue,
blacknatural,black,,,
blacknavy,black,,,
blacknight,black,blue,,
blacknorth,black,,,
blacknude,black,,,
blacknudelace,black,,,
blacknudemesh,black,,,
blackonyx,black,,,
blackother,black,,,
blackout,black,,,
blackoverdye,black,,,
blackoxblood,black,,,
blackpalmprint,black,,,
blackpanda,black,,,
blackpatent,black,,,
blackpatt,black,,,
blackpattern,black,,,
blackpattern21,black,,,
blackpewter,black,,,
blackpolkadot,black,,,
blackpool,black,blue,,
blackprint,black,,,
blackprinted,black,,,
blackprintmix,black,,,
blackquilt,black,,,
blackrd,black,red,,
blackripped,black,,,
blackro,black,,,
blackrouge,black,,,
blackscissors,black,,,
blackshort,black,,,
blackshorterlength,black,,,
blackshortlength,black,,,
blacksilk,black,,,
blacksilver,black,,,
blacksilver polar,black,,,
blacksilverdot,black,,,
blackskin,black,,,
blackslategray,black,,,
blackslick,black,,,
blacksmoke,black,,,
blacksnake,black,,,
blacksoak,black,,,
blacksolid,black,,,
blackspark,black,,,
blackspot,black,,,
blackstarprint,black,,,
blackstone,black,,,
blackstonemidnight,black,,,
blackstrawberry,black,,,
blackstripe,black,,,
blackstud,black,,,
blacksugar,black,,,
blacktop,black,,,
blackwatch oil cloth,black,,,
blackwave,black,,,
blackweave,black,,,
blackwell,black,,,
blackwhite,black,,,
blackyl,black,,,
blackzebra,black,,,
blade,silver,,,
blades of glory,silver,,,
blagger,blue,,,
blanc,white,,,
blanc ( c ),white,,,
blanc (white),white,,,
blanc diaphane,white,,,
blanc manifesto,white,,,
blanc soie,white,,,
blanc violette,white,purple,,
blanca,white,,,
blanchett,white,,,
blanco,white,,,
blanco (white),white,,,
blanco mesh overlay,white,,,
blaze,purple,,,
blaze (red),purple,red,,
blaze catch plaid,purple,red,,
blaze orange,purple,orange,,
blazing coral,pink,orange,,
blazing star,pink,yellow,,
blck,black,,,
bleach,purple,,,
bleach dune,purple,,,
bleach out,purple,,,
bleach spiral,purple,,,
bleach wash,purple,,,
bleached,purple,,,
bleached out,purple,,,
bleached out leopard,purple,,,
bleached paisley,purple,,,
bleached splatter,purple,,,
bleached stone,purple,gray,,
bleached tie dye,purple,,,
bleacher,purple,,,
bleecker,brown,,,
bleeker,gray,,,
blend,yellow,green,blue,
bleu,blue,,,
bleu canard,blue,,,
bleu chambray,blue,,,
bleu claire,blue,,,
bleu d\'armani,blue,,,
bleu de paris,blue,,,
bleu klein,blue,,,
bleu major,blue,,,
bleu mineral,blue,,,
bleu velours,blue,,,
blight dark aged,blue,,,
blink,pink,red,,
bliss,pink,purple,,
bliss coral,pink,purple,,
blissblue,blue,,,
blitz,pink,purple,,
blizzard,blue,,,
blk,black,,,
blk (mint),blue,black,,
blk dmnd,pink,red,,
blk lthr,black,,,
blk prs check,black,,,
blk trim,black,,,
blk),black,,,
blk001,black,,,
blk009,black,,,
blkamber tortis,black,gold,,
blkblackpu,black,,,
blkblk,black,,,
blkbry,black,,,
blkchampagne,black,red,,
blkcmn,black,,,
blkcrm,black,,,
blkcrossbead,black,,,
blkdiamond,black,,,
blkecr,black,,,
blkfus,black,,,
blkg,black,,,
blkgem,black,,,
blkgld,black,gold,,
blkgol,black,gold,,
blkgun,black,,,
blkivy,black,,,
blkletter,black,,,
blkmagenta,black,purple,,
blkmlt,black,,,
blkmulti,black,,,
blkmultisequin,black,,,
blkpnk,black,pink,,
blkpur,black,purple,,
blksil,black,gray,,
blksilver,black,,,
blkskull,black,,,
blksmoke,black,,,
blkstone,black,,,
blkstripe,black,,,
blkwhi,black,white,,
blkwht,black,white,,
bllackwhite,black,white,,
block,pink,blue,,
block strp brnout,pink,blue,,
blocked scarf print,pink,blue,black,
blog d raw,blue,purple,green,
blond,gold,,,
blonde,gold,,,
blonde(lt yellow),yellow,,,
blonde/ eclipse,gold,,,
blondes,yellow,,,
blondie,yellow,,,
blondie nyc,yellow,,,
bloo,blue,,,
blood,red,,,
blood orange,red,orange,,
blood org,red,,,
bloodred,red,,,
bloodroses,red,,,
bloom,red,,,
bloom of rose,red,,,
blooms,red,,,
blooms boot,red,,,
bloomsbury,red,,,
bloomsbury blms,red,,,
bloomsbury square,red,,,
blossom,red,,,
blossom big spot,red,,,
blossom montage,red,,,
blossom pink,red,pink,,
blossom rain,red,,,
blossum,red,,,
blow,red,,,
blowing raspberries,red,,,
blsh,pink,,,
blsh linin,pink,,,
blu,blue,,,
blu raven,blue,,,
bluberry,blue,,,
blublk,blue,,,
blue,blue,,,
blue jay,blue,,,
blue space dye,blue,,,
blue towers,blue,,,
blue wash,blue,,,
blue.purple mlt,blue,purple,,
blue),blue,,,
blue6,blue,,,
blueanimal,blue,,,
blueaqua,blue,,,
bluebell,blue,,,
bluebell multi,blue,,,
bluebell/ cream,blue,,,
bluebelow,blue,,,
blueberr,blue,,,
blueberry,blue,,,
bluebird,blue,,,
blueblack,blue,,,
blueblackwhite,blue,,,
blueblood,blue,,,
bluebonnet,blue,,,
bluebotanicalgarde,blue,,,
bluebrass,blue,,,
bluebrocade,blue,,,
bluebrown,blue,,,
blueburntorange,blue,,,
bluecamoprint,blue,,,
bluechainprint,blue,,,
bluecharcoal,blue,,,
bluecheck,blue,,,
bluecheetah,blue,,,
bluecheetahindigo,blue,,,
bluecolourblock,blue,,,
bluecombo,blue,,,
bluecoralpink,blue,,,
bluecore,blue,,,
bluecornseal,blue,,,
bluecream,blue,,,
bluecreamlace,blue,,,
bluecreamspot,blue,,,
bluedenim,blue,,,
bluedenimwash,blue,,,
bluedepths,blue,,,
bluedipdye,blue,,,
blueditsy,blue,,,
bluedog,blue,,,
bluedot,blue,,,
bluedragonfly,blue,,,
blueecru,blue,,,
bluefin,blue,,,
bluefireprint,blue,,,
bluefish,blue,,,
bluefloral,blue,,,
bluefog,blue,,,
bluegeoprint,blue,,,
bluegold,blue,,,
bluegradient,blue,,,
bluegrass,blue,,,
bluegray,blue,,,
bluegraymarl,blue,,,
bluegraymelange,blue,,,
bluegreen,blue,,,
bluegrey,blue,gray,,
blueheatherwool,blue,,,
bluehoneybee,blue,,,
blueiris,blue,,,
blueisland,blue,,,
blueivory,blue,,,
bluejay,blue,,,
bluejay/ confetti stripe,blue,,,
bluejays,blue,,,
bluelagoon,blue,,,
bluelagoonprint,blue,,,
blueleopard,blue,,,
bluelightfaded,blue,,,
bluelime,blue,,,
bluelong,blue,,,
bluelongerlength,blue,,,
bluelurex,blue,,,
bluemarl,blue,,,
bluemarlgraymarl,blue,,,
bluemarllighttaup,blue,,,
bluemarlnavy,blue,,,
bluemarlwhite,blue,,,
bluemetallic,blue,,,
bluemetallicmarl,blue,,,
bluemint,blue,,,
bluemintgreen,blue,,,
bluemoon,blue,,,
bluemult,blue,,,
bluemulti,blue,,,
bluenatural,blue,,,
bluenight,blue,,,
bluenights,blue,,,
blueombre,blue,,,
blueorange,blue,,,
bluepaisley,blue,,,
bluepastelfloral,blue,,,
bluepatchwork,blue,,,
bluepatt,blue,,,
bluepattern,blue,,,
bluepicnicprint,blue,,,
bluepink,blue,,,
bluepolkadots,blue,,,
bluepolkaflower,blue,,,
blueprint,blue,,,
bluepurple,blue,,,
bluepython,blue,,,
bluerasp,blue,,,
bluereborn,blue,,,
bluered,blue,,,
bluereddotonwhit,blue,,,
blueredwhite,blue,,,
blueredyellow,blue,,,
bluerepaired,blue,,,
bluerinse,blue,,,
blueroseblack,blue,,,
blueroyal,blue,,,
blueruboff,blue,,,
bluerust,blue,,,
blues,blue,,,
bluescuba,blue,,,
blueshadow,blue,,,
blueshort,blue,,,
bluesilver,blue,,,
bluesky,blue,,,
blueskybasetulip,blue,,,
bluesnake,blue,,,
bluespark,blue,,,
bluesparkle,blue,,,
bluespot,blue,,,
bluestarprint,blue,,,
bluesteel,blue,,,
bluestone,blue,,,
bluestorm,blue,,,
bluestream,blue,,,
bluestrike,blue,,,
bluestripe,blue,,,
bluesuede,blue,,,
bluesuedepeacockp,blue,,,
bluesweetieprint,blue,,,
bluetartan,blue,,,
bluetileprint,blue,,,
bluetint,blue,,,
bluetooth headphones,blue,,,
bluett,blue,,,
bluette,blue,,,
bluette8,blue,,,
blueturqouise,blue,,,
bluetwist,blue,,,
bluetwisted,blue,,,
bluetwsit,blue,,,
blueunwashed,blue,,,
bluevelvet,blue,,,
bluewash,blue,,,
bluewhite,blue,,,
bluewhiteblack,blue,,,
bluewhitegray,blue,,,
bluewhitered,blue,,,
bluewhitestripe,blue,,,
bluewingteal,blue,,,
bluey,blue,,,
blueyellow,blue,,,
blueyellowleo,blue,,,
bluezerodenim,blue,,,
blugldbrfower,blue,,,
blugry,blue,,,
blujay,blue,,,
blumarbleseq,blue,,,
blunvy,blue,,,
blur print,blue,,,
blurred abstract print,blue,black,,
blurry light,blue,purple,,
blush,red,,,
blushed,pink,purple,,
blushed rose,pink,purple,red,
blushing,red,pink,,
blushpink,pink,,,
blustrp,blue,,,
blutan,blue,beige,,
bm,gray,,,
boa,beige,,,
boardwalk,blue,gray,,
bobbi,pink,red,,
bobby dazzler,silver,gray,,
bobcat,gray,brown,,
bobcat print,gray,brown,black,
bobo,blue,,,
boboli,purple,,,
bodice dress,pink,,,
body rinse,blue,,,
boehme,black,,,
boganvilea,purple,pink,,
boheme,red,pink,,
boheme natural,red ,pink,blue,
bohemian,red,purple,pink,
bohemian rhapsody,pink,,,
bohemian rose,pink,red,,
boho,gray,black,,
boho stripe,gray,black,,
boho stripe natural,gray,black,blue,
bois,pink,,,
bois de,pink,red,,
bois de rose,pink,red,,
bois de rose (c),pink,red,,
bois de santal,pink,red,,
bois del lles,red,,,
bois des indes,pink,red,,
boise de,pink,red,,
boise de rose,pink,red,,
boka wash,pink,blue,,
bold blk,red,white,,
bold buff,red,white,,
bolero,black,silver,,
bolole,black,silver,,
bolt,yellow,,,
bombay,blue,purple,,
bombaybrown,brown,,,
bombshell,red,,,
bon bon,pink,purple,,
bonbon,pink,purple,,
bond,black,,,
bond street,black,,,
bond with whomever ( c ),black,,,
bonde windlines p,black,,,
bonded raso,black,red,,
bondipink,pink,,,
bondire rose,black,red,,
bone,white,,,
bonepersimmon,white,gold,,
bones tee,white,gray,,
bonfire,red,,,
bonheur,white,pink,,
bonnaz,black,red,,
bonne aventure,black,red,,
bonner pilot,blue,,,
bonnie,red,,,
bontonpink,pink,,,
boogie dream,black,white,,
boogie nights,pink,red,,
bookstore dress,purple,,,
boom boom,pink,red,,
boom boom pow,purple,,,
boom boom pow (g),purple,,,
boom town,gold,,,
boonsville wash,brown,,,
bootcamp,brown,,,
boots top,brown,,,
bootstrap fair isle,brown,,,
boppi,blue,,,
bor,gray,,,
bora,blue,,,
borde,blue,,,
bordeaux,red,purple,,
bordeaux calf,red,purple,white,
bordeaux crocodile,red,purple,green,
bordeaux haircalf,red,purple,yellow,
bordeaux leather,red,purple,brown,
bordeaux lust,red,purple,blue,
bordeaux peral,red,purple,silver,
bordeaux suede,red,purple,yellow,
bordeaux touch,red,purple,beige,
bordeaux(purple),red,purple,,
bordeauxblack,black,,,
bordeax,red,purple,,
border coast,blue,white,,
border floral,blue,purple,,
border stripe,blue,black,,
borderline,blue,purple,,
bordo,red,purple,,
bordo spotted snake,red,purple,black,
bordo wine,red,,,
bordu,red,purple,,
borgia,red,,,
borgonha,red,,,
born freesia,purple,silver,,
born this way,purple,yellow,,
borneo,purple,green,,
borough,yellow,blue,gray,
borwn,brown,,,
boss,yellow,beige,,
bossa nova,red,brown,,
bossanovared,red,,,
boston wash,red,,,
botanical,red,,,
botanical garden,red,green,,
botanical print,red,black,,
bottle,blue,,,
bottle opener,brown,,,
bottle service,purple,,,
bottlegree,green,blue,,
bottlegreen,green,,,
boucer its me ( c ),blue,,,
boudoir,blue,,,
bougainvil,purple,pink,,
bougainvillea,purple,pink,,
bougainvillea pnk,purple,pink,,
bouganville,purple,pink,,
bouganvillea,purple,pink,,
bouhtan,purple,pink,,
boulder,gray,,,
boulder bdr,gray,,,
boundless,purple,red,,
bouquet,purple,,,
bouquet multi,purple,orange,yellow,
bourbon,beige,,,
bourbon bison,beige,brown,,
bourbon rose,beige,red,,
bourbon st,beige,yellow,green,
bourbon street,beige,yellow,green,
bourdoir,blue,purple,,
bourgeois,blue,,,
bourgogne,purple,red,,
bourgogne artistique,purple,red,,
bourgogne multi,purple,red,,
bouroir,blue,purple,,
bouteille,red,,,
bouthan,purple,pink,,
bow,red,black,,
bow vintage,red,purple,,
bowden,gold,,,
bows,red,black,,
box calf leather,black,red,gold,
boxwood,brown,beige,,
boy,blue,,,
boys check,blue,,,
boys don't cry,blue,,,
boysenberry,blue,,,
boysenberry print,blue,,,
boyshort,blue,,,
bp,green,,,
br,brown,beige,,
br b tnvy,brown,beige,,
br butterscotch,brown,beige,,
br cavern,brown,beige,,
br grace,brown,beige,,
br into the woods,brown,beige,,
br ivry,blue,white,,
br leather,brown,pink,,
br sable,brown,beige,pink,
br society,brown,beige,red,
br strata,brown,beige,,
br truffle,brown,beige,red,
br voyage,brown,beige,,
br warm,brown,beige,,
bracelet,black,,,
bracelet (gold),black,gold,,
bracelet (silver),black,silver,,
bracelet pack,black,blue,purple,
bracken,brown,,,
bracknell,black,gray,,
bradford,black,gray,,
brady wash,green,white,,
brae,white,,,
braid,yellow,black,,
braidsred,red,,,
brand,red,blue,yellow,
brandied,red,purple,,
brandy,brown,yellow,,
brandy country,brown,yellow,,
brandy leather,brown,yellow,,
brandy suede,brown,yellow,,
brandy twist,brown,yellow,,
brandy wine,red,,,
brandywine,red,,,
brasil,green,yellow,,
brasilia,green,yellow,,
brass,gold,,,
brave,black,,,
brave blue,black,blue,,
braves,black,,,
brayton stripe,beige,blue,,
brazen bronze,brown,,,
brazil,green,yellow,,
brazil nut,green,yellow,brown,
braziliant,green,yellow,,
brb,purple,,,
brcktls,white,,,
brd,purple,,,
break me down,purple,,,
breakfast in berkshire,yellow,,,
breaking grounds,green,gray,,
breaking point,brown,,,
breathless,pink,,,
breeze,blue,,,
breton,white,black,,
breton stripe,white,black,,
brewers,white,blue,,
brf nocturne,black,,,
brght nde,purple,pink,,
brgnd,purple,red,,
brgrn,red,,,
bri bounganvle,red,purple,,
brian,beige,,,
brianna,beige,,,
briar,beige,,,
briar oil slick,beige,,,
briar oil slick leather,beige,brown,,
briar wood,beige,brown,,
briar/ copper,brown,,,
brice,white,,,
brice wash,white,,,
brick,red,,,
brickred,red,,,
bridget,white,,,
brie,pink,silver,,
brienne,beige,,,
briggs,blue,,,
bright,yellow,,,
bright apple,red,,,
bright aqu,yellow,blue,,
bright aqua,blue,,,
bright astor,yellow,purple,,
bright b bloomin,yellow,red,,
bright beryl,yellow,blue,,
bright bouganvill,yellow,,,
bright bouvanvill,yellow,,,
bright bungavila,yellow,purple,,
bright bungnvle,yellow,purple,,
bright cerise,yellow,purple,,
bright cherry,red,,,
bright chrome,yellow,purple,,
bright cloud,yellow,blue,,
bright coral,yellow,pink,,
bright coral mult,yellow,purple,red,
bright coral multi,yellow,purple,red,
bright ember,red,,,
bright finish,yellow,blue,,
bright grape,yellow,purple,,
bright light broken twill,yellow,blue,,
bright lilac,purple,,,
bright lilac spot,purple,,,
bright lilac star,purple,,,
bright lilac/ heart,purple,,,
bright magenta,purple,,,
bright magenta/ petunia,purple,,,
bright meadow,yellow,green,,
bright melon,yellow,green,,
bright multi,yellow,purple,,
bright natural,yellow,white,,
bright orchard,yellow,blue,,
bright orchid,purple,,,
bright oxblood,yellow,red,,
bright peacock,yellow,orange,,
bright persimmon,yellow,orange,,
bright poppy,red,,,
bright poppy no.,yellow,purple,red,
bright raspberry,red,,,
bright rowanberry,yellow,,,
bright royal,blue,,,
bright seaside,blue,,,
bright sky gingham,blue,,,
bright sunset multi,yellow,blue,green,orange
bright toffee,brown,,,
bright viola,purple,,,
bright white,white,,,
bright wht,white,,,
brightblue,blue,,,
brightbluepanama,blue,,,
brightcobalt,blue,,,
brightener shell,pink,,,
brightening ginseng,white,,,
brightening nudes,pink,,,
brightgreen,green,,,
brightindigo,blue,,,
brightlime,green,,,
brightmint,green,,,
brighton rock,pink,,,
brighton wave,green,purple,yellow,red
brightorange,orange,,,
brightpink,pink,,,
brightpinkwhite,pink,,,
brightred,red,,,
brightroseblack,black,,,
brightrosecameo,red,,,
brightvioletblack,purple,,,
brightwhite,white,,,
brightwhite multi,white,blue,red,
brightwht,white,,,
brightyellow,yellow,,,
brigitte,red,,,
brigitte (wine),red,,,
brigitte batik,white,blue,,
brilliant,red,green,blue,yellow
brilliant rose,pink,,,
brilliant snake classic,black,,,
brilliantblue,blue,,,
brimfield,green,,,
brin wash,blue,,,
brindle,brown,,,
bring on the bling (shm),gold,,,
briquette (grey),gray,,,
brisk,white,black,red,blue
brit check,black,red,baige,
brit flag,red,white,blue,
brittle,beige,,,
brly there,beige,,,
brn,brown,,,
brn grad,brown,,,
brn lens,brown,,,
brn org gld,brown,orange,gold,
brn),brown,,,
brngld,brown,gold,,
brngrn,brown,green,,
brnnvy,brown,navy,,
brnt ambr,brown,,,
brnze s,brown,,,
broken mirror,silver,green,,
broken twill selvedge,blue,,,
brokenwhite,white,,,
bromley,brown,,,
bronz,brown,,,
bronze,brown,,,
bronze bling,brown,,,
bronze-a-licious,brown,,,
bronze/ natural,brown,,,
bronze83,brown,,,
bronzed,brown,,,
bronzedisco,brown,,,
bronzefloralprint,brown,,,
bronzelle,brown,,,
bronzemetallic,brown,,,
bronzer,brown,,,
bronzing,brown,,,
bronzinglotion,brown,,,
bronzingmousse,brown,,,
bronzo,brown,,,
brook,brown,,,
brookgreen,green,,,
brooklyn dodgers,blue,white,,
brousse,purple,,,
browm,brown,,,
brown,brown,,,
brown polka,brown,,,
brown26,brown,,,
brownberry,red,,,
brownblack,brown,,,
browngold,brown,gold,,
browngreen,brown,green,,
brownie,brown,,,
brownleather,brown,,,
brownleopard,brown,,,
brownmarl,brown,,,
brownmulti,brown,,,
brownpattern,brown,,,
brownpink,brown,pink,,
brownpolkadot,brown,,,
brownprint,brown,,,
brownstone,brown,,,
brownsuede,brown,,,
brownsugar,brown,,,
browntwist,brown,,,
brownwhite,brown,,,
browny clap,beige,,,
brownzebra,brown,,,
brt,blue,,,
brt cc,white,,,
brt lght brkn twl,blue,,,
brt nvy escpe art,blue,,,
brt nvy in the gv,blue,,,
brtred,red,,,
bruciato,brown,,,
bruise,purple,,,
brulee,brown,,,
brumes,blue,,,
brun,brown,,,
brun abstrait,brown,,,
brun buzz,pink,,,
brun cachemire,brown,,,
brun cashemire,brown,,,
brun cendre,brown,,,
brun comptueux,brown,,,
brun cuivre,brown,,,
brun glace,brown,,,
brun insecure,brown,,,
brun insecure (new),brown,,,
brun jungle,pink,,,
brun pailettes,pink,,,
brun pear,brown,green,,
brun samarcande,pink,,,
brun satin,pink,,,
brunet,brown,black,,
brunette,brown,black,,
brunettes,brown,,,
brunetto,brown,,,
bruno cafe,brown,,,
brunswick,green,,,
brush tie dye,orange,blue,yellow,red
brush wood,brown,,,
brushed canvas,brown,,,
brushed cement,gray,,,
brushed gold/ clear,gold,,,
brushed nickle,silver,,,
brushed sahara,green,,,
brushed stainless steel,silver,,,
brushfire,red,,,
brwn,brown,,,
bry silhtt,red,,,
bsnbry chrmtc rn,black,purple,red,
bubble gum,pink,,,
bubblegum,pink,,,
bubblegumpink,pink,,,
buff,beige,,,
buff (c),beige,,,
buff (n),beige,,,
buff (w),beige,,,
buff blizzard,beige,brown,,
buff c,beige,,,
buff digital python,black,gray,,
buff silk,beige,,,
buff w,beige,,,
buffyellow,yellow,,,
buio,black,white,,
bulky blossom,pink,,,
bullfrog,green,,,
bullit,green,,,
bumblebee,yellow,black,,
bunnies,white,,,
bunny,white,,,
burgandy,red,,,
burgandywhite,white,,,
burgundy,red,,,
burned coffee,black,brown,,
burnt,black,,,
burnt rose,red,,,
butter,yellow,,,
butter(lt yellow),yellow,,,
buttercream (yellow),yellow,,,
buttr,white,yellow,,
cabana,red,,,
cabaret red,red,,,
cabernet,red,purple,,
cabernet crush,purple,,,
cabernet red,red,,,
cable,blue,,,
cactus,green,,,
cactus flower,black,,,
cadiz,white,,,
caf�_ au lait,brown,white,,
cafe,white,,,
cafe (nude),brown,,,
cafe au lait,brown,white,,
cafe au latte,brown,white,,
caffe,brown,,,
caffe latte,brown,,,
caffe mocha,brown,,,
caf��_ au lait,brown,white,,
cairo,black,,,
cal,white,,,
cala,white,,,
caldera,red,,,
calendula(orange),orange,,,
calico (ivory),purple,,,
california tee,red,blue,white,
call my bluff,pink,,,
call my buff,pink,,,
called up,blue,,,
cam caky,brown,white,green,
cam montana,black,blue,,
cambodia,red,purple,,
cameblack,beige,,,
camel,beige,,,
camellia (pink),pink,,,
camello (tan),beige,,,
camo,green,brown,,
camogreen,green,,,
canary,yellow,,,
caramel,brown,,,
caramello,brown,,,
caramelr,brown,,,
caravan midnight,blue,,,
carbon,gray,silver,,
carbone grey,gray,,,
cardamom,brown,,,
cardamom brwn,brown,,,
cardinal,red,,,
cardinals,red,,,
caribbean,blue,,,
caribbean blue,blue,,,
caribbean jersey,blue,,,
caribe,blue,,,
caribou,brown,,,
carina,green,,,
carley,blue,,,
carob,beige,brown,,
carolina,blue,white,,
carolina dip,blue,white,,
carolina multi,black,white,,
carousel,black,white,,
carousel coral ( c ),black,white,pink,
carpates,brown,black,,
carrara country print,brown,gray,black,
carribean,blue,,,
carrot,orange,,,
carry on ( c),red,blue,,
carson,purple,,,
carter,black,white,,
carthage,silver,,,
casablanaca,white,,,
casablanca,white,,,
casablanca sky blue,white,blue,,
casablanca zigzag,white,brown,,
casbah nights,white,blue,,
cascade,pink,,,
cascadia plaid,white,gray,black,
case,white,black,red,blue
cash,green,,,
cashew,brown,,,
cashew (),brown,,,
cashew heather,brown,yellow,,
cashew later,brown,silver,,
cashew leather,brown,,,
cashmere,beige,pink,,
cashmere bathrobe (c),beige,gray,,
cashmere leather,beige,brown,,
cashmere patent,beige,blue,red,
cashmere rose,beige,red,,
casino,green,white,black,
casis,purple,,,
casis obscure,purple,gold,black,
caspian,blue,,,
caspian blue,blue,,,
caspian stripe,blue,,,
cassava,brown,white,,
cassel earth,beige,gray,black,
casseopeia,beige,red,blue,
casseopia,beige,red,blue,
cassia,yellow,,,
cassis,purple,,,
cassis ecolux,pink,,,
cast,purple,blue,,
castagna,brown,,,
castagnia,brown,,,
castagno,brown,,,
castaic,brown,,,
castalla,brown,,,
castaway,brown,,,
castaway ( c ),brown,,,
castaway floral,brown,,,
castaways,brown,,,
castelo,brown,,,
castillo c,brown,,,
castillo floral,brown,,,
castle,black,,,
castle (grey),black,gray,,
castle nylon,black,gray,,
castlerock,black,gray,,
caston,black,blue,,
castor,black,brown,,
castoro taupe,black,brown,gray,
cat,brown,,,
cat call,brown,,,
cat print,brown,black,,
cat stratch,brown,red,,
catalan coral,red,,,
catalina,blue,,,
catalytic repair,white,beige,,
catathea pollen,green,yellow,,
catch light,red,yellow,,
caterpillar,green,yellow,,
catfight,pink,red,,
cathay spice,yellow,,,
cathedral,beige,,,
catrina,purple,red,,
cats,brown,,,
cattail,brown,white,,
caucase,white,,,
caucasian,white,,,
caught in the act courtney,brown,beige,,
cav,black,yellow,,
cava,black,purple,,
cavalier windsor wine,red,,,
cavi,black,red,,
caviar,black,purple,,
caviar ball,silver,gold,purple,
caviar brightwht,black,white,,
caviar cavr,black,beige,purple,
caviar check,black,brown,beige,
caviar combo,black,blue,purple,
caviar heather,black,,,
caviar leather,black,,,
caviar limestone,black,white,,
caviar mul,black,purple,,
caviar mult,black,purple,,
caviar multi,black,purple,,
caviar plaid,black,white,,
caviar porcelain,black,white,,
caviar w,black,white,,
caviar w natural,black,white,blue,
cayanne,red,orange,,
cayenne,red,orange,,
cayenne multi,red,orange,,
cayman,red,blue,white,green
cb,beige,,,
cc,purple,white,,
ccnt abstrct lprd,blue,white,,
cdtst,purple,,,
ce soir,beige,black,,
ceasar combo,red,orange,,
cedar,brown,,,
cedar combo,brown,,,
cedar rose,brown,red,,
cedre,gray,,,
celadine,yellow,white,,
celadon,green,,,
celebrate,blue,purple,,
celedon,green,,,
celery,green,yellow,,
celery stalk,green,,,
celery w kings robe,blue,white,,
celesite,blue,,,
celesite lasting e,black,white,,
celeste,blue,,,
celeste multi,blue,white,,
celestial,blue,white,,
celestial (l),blue,white,,
celestial blue,blue,,,
celestial pine,blue,silver,,
celestite,blue,,,
cellar,brown,yellow,,
cellophane,brown,,,
celtics,green,,,
cement,brown,,,
cement (lt grey),brown,gray,,
cement calf suede,brown,white,,
cement combo,brown,blue,,
cement heather,brown,yellow,,
cement multi,brown,red,blue,
cendre,yellow,,,
cendre\',yellow,,,
center stage,pink ,blue,,
centifolia,orange,,,
central park,yellow,green,,
central park north,yellow,green,,
central park north stop,yellow,green,,
cepe,blue,red,,
ceramic,blue,beige,,
ceramic turquoise,blue,white,,
cerise,purple,pink,,
cerise multi,purple,red,,
cerulean,blue,,,
cerulean multi,blue,white,,
cerulean sky,blue,,,
ceylan,black,beige,,
ceylon,blue,,,
cf summer breeze,blue,white,,
cfdot,white,yellow,,
cgabs,yellow,green,,
ch,black,,,
cha,purple,,,
cha cha,purple,,,
chaco cha cha,purple,black,,
chagln plaid,black,,,
chai,beige,,,
chai mandala,beige,,,
chai spice,beige,,,
chain,black,gray,,
chained,black,gray,,
chains,black,gray,,
chakhi,beige,green,,
chalcedony,black,blue,,
chalk,white,,,
chalk combo,white,red,yellow,
chalkboard,white,green,black,
chalkboard heathe,white,green,black,
chalys,pink,,,
chamade,pink,,,
chambers,yellow,,,
chambers rinse,yellow,,,
chambord,purple,,,
chambord multi,purple,,,
chambray,blue,,,
chambray dot,blue,,,
chambray dots,blue,,,
chambray melange,blue,,,
chambray multi,blue,,,
chameleon,green,,,
chamois,beige,brown,,
chamois(neutral),beige,brown,,
chamoisr,white,beige,,
chamomile flow,blue,yellow,,
champ,black,gray,,
champagne,beige,,,
champagne combo,beige,,,
champagne crystal,beige,white,,
champagne deco,beige,,,
champagne diamond,beige,white,,
champagne fab,beige,,,
champagne glimmer,beige,gray,,
champagne jet mlt,beige,,,
champagne lily,beige,,,
champagne mlt,beige,,,
champagne multi,beige,,,
champagne pearl,beige,white,,
champagne pearl b,beige,white,,
champagne pearl d,beige,white,,
champagne pearl patent,beige,white,,
champagne pearl t,beige,white,,
champagne quartz,beige,,,
champagne rhine,beige,,,
champagne rubber,beige,,,
champagne satin,beige,,,
champagne silk,beige,,,
champagne sparkle fabric,beige,,,
champagne toast,beige,,,
champagnes,beige,,,
champange,beige,,,
champflesh,beige,blue,,
champs elysees,beige,purple,,
champs elysees stop,beige,purple,,
chance,blue,purple,,
chancer,blue,purple,,
channing,black,,,
chant daromes,gold,pink,,
chantilly,purple,white,,
chantrelle,orange,,,
chaos,purple,,,
chaos for,purple,,,
chaos for ipad,purple,,,
chaos for iphone,purple,,,
chaos for ipod touch (th gen.),purple,,,
chaotic currant,purple,,,
char,purple,,,
char gre,green,,,
charade,red,,,
charc,black,gray,,
charco,black,gray,,
charcoa,black,gray,,
charcoal,gray,,,
charcoaled,black,gray,,
chardonnay,beige,yellow,,
charing,beige,red,,
charity,pink,,,
charivari,purple,,,
charl marl,blue,gray,,
charleston,black,white,,
charlie,black,white,,
charlotte,yellow,purple,,
charm,blue,white,,
charm dress,blue,white,,
charmante,beige,red,,
charme,black,silver,,
charme naturale,black,silver,,
charming pin,blue,gold,,
charming pirate,black,red,,
charnelle,pink,red,,
charred,black,orange,,
charter,black,white,blue,
charteuse,yellow,green,,
chartreuse,yellow,green,,
chartreuse combo,yellow,green,,
chartreuse print,yellow,green,black,
chartrse,yellow,green,,
chartruse,yellow,green,,
chase,black,red,,
chastity,black,red,,
chastity ( c ),black,red,,
chat,blue,red,green,yellow
chataigne,black,purple,,
chatain,black,brown,,
chateau,blue,,,
chateaux de trope,blue,,,
chateaux g,blue,,,
chatelet stop,blue,,,
chatty cheetah,yellow,brown,,
cheating,black,gray,,
cheating heart,pink,red,,
check,red,yellow,green,blue
checked,red,yellow,green,blue
checker,white,black,,
checker print,red,yellow,blue,black
cheddar,yellow,orange,,
cheek,pink,purple,,
cheekie,pink,purple,,
cheeky,pink,purple,,
cheeky chops,pink,purple,,
cheer,blue,,,
cheetah,yellow,black,,
cheetah as,yellow,black,,
cheetah multi,yellow,black,,
cheetah ponti,black,white,gray,
cheetah print,black,white,gray,
chelsea,blue,,,
chelsea embankment,purple,gold,,
chelsea girls,blue,,,
chelsea physic gardens (cream),blue,green,,
chelsea square,brown,,,
chelsea wash,blue,,,
chenille basketweave,blue,,,
cherchez la femme,blue,,,
cherie bow,pink,purple,,
cherish,blue,,,
cherries,red,,,
cherros,red,,,
cherry,red,,,
cherry blossom,red,pink,,
cherry multi,red,,,
cherryblossom,pink,,,
cherrypink,pink,,,
cherryred,red,,,
cherrytomato,red,,,
cherrywood,red,brown,,
cherrywood luxe,red,brown,,
cherub,red,black,,
cheshire,red,purple,,
chesnut,beige,,,
chester combo,beige,purple,,
chester row,beige,blue,,
chestnut,beige,,,
chestnut (),beige,,,
chestnut (tan),beige,,,
chestnut caviar,brown,gray,,
chestnut heather,beige,yellow,,
chestnut leather,beige,brown,,
chestnut leather attache case,beige,brown,,
chestnut leather briefcase,beige,brown,,
chestnut leather crossbody,beige,brown,,
chestnut leather dog leash,beige,brown,,
chestnut leather dopp kit,beige,brown,,
chestnut leather duffel bag,beige,brown,,
chestnut leather garment bag,beige,brown,,
chestnut leather gun case,beige,brown,,
chestnut leather laptop bag,beige,brown,,
chestnut leather messenger bag,beige,brown,,
chestnut leather reload bag,beige,brown,,
chestnut leather rolling luggage,beige,brown,,
chestnut leather rolling suitcase,beige,brown,,
chestnut leather weekender,beige,brown,,
chestnut no.,beige,brown,,
chestnut nubuck,beige,brown,,
chestnut sheepskin,beige,brown,gray,
chestnut suede,beige,brown,,
chevelon canyon,brown,blue,,
cheveron,red,blue,,
chevron,gray,,,
chevrons,gray,,,
chevy blossom,red,pink,,
cheyenne,blue,,,
chianti,red,,,
chianti (shimmer),purple,pink,,
chianti pearl,red,black,,
chianti tiger,red,purple,,
chic,purple,pink,,
chic (m),purple,pink,,
chic cinna,purple,red,,
chicago,blue,yellow,,
chicago bears,blue,yellow,,
chicago cubs,blue,yellow,,
chicago cubs road,blue,yellow,,
chicco,red,yellow,,
chick,yellow,,,
chicken,white,red,,
chico brown,brown,,,
chicory,blue,,,
chicory (chartrs),blue,green,,
chicory(chartrs),blue,green,,
chief,black,green,,
chien,black,blue,,
chiffon,purple,red,,
chihuahua,white,black,,
chili,brown,,,
chili (orange),brown,orange,,
chili pepper,brown,red,,
chili pepper ombr,brown,red,,
chili pepper zig zag,brown,red,,
chill,brown,red,,
chill pill,brown,white,,
chilli,brown,red,,
chillin,brown,red,,
chilly,brown,red,,
chimere,purple,pink,,
chin chin leopard,purple,,,
china,white,,,
china doll,black,brown,gray,
china rose,white,red,,
china seas,white,blue,,
china tea,white,green,,
chinatown,red,pink,,
chinchilla,blue,purple,,
chinchilly ( c ),gray,,,
chinese new year,red,,,
chino,beige,gray,,
chino grigios,beige,blue,,
chinois,beige,gray,,
chinos,beige,gray,,
chinos in loden,beige,red,,
chinos in maroon,beige,yellow,,
chive,blue,,,
chlk mn strp,blue,white,,
chloe,black,yellow,,
chlorophyll,green,,,
chmp jonquil mlti,blue,,,
chmpgn,beige,,,
choc clair,brown,,,
choco,brown,,,
choco emboss paisley,brown,,,
chocoholic,brown,,,
chocolat,brown,,,
chocolate,brown,,,
chocolate bronze,brown,,,
cholug,brown,,,
chopper,blue,silver,,
chord,blue,red,green,
chorizo,brown,,,
chorizo whales,brown,white,,
chris,brown,black,,
christina,brown,white,,
christine,brown,white,,
christmas town,green,red,,
chrome,silver,,,
chromed,silver,red,,
chromium multi,silver,red,,
chrry lace,red,black,,
chry blsm,pink,,,
chrysanthemum,brown,,,
chrysler print,gold,black,,
chrysoprase,green,blue,,
chstnut,beige,brown,,
chubby checker,black,white,,
chubby cheeks ( c ),black,white,red,
chuchi suede,red,,,
chunkiest chili,red,,,
chunkiest chilli,red,,,
chunky cotton,red,white,,
church,brown,,,
church by warren smith,brown,,,
chutney,purple,,,
ciad,white,,,
ciclamino,purple,,,
cicylamin,purple,,,
ciel,blue,,,
cielo (aqua),blue,,,
cigar,brown,,,
cigar featherstone,brown,,,
cigar luxury,brown,,,
cigare fonce,brown,,,
cilantro,green,,,
cina(blu,blue,,,
cinder,gray,,,
cinder melange,gray,,,
cinder mul,gray,,,
cinder multi,gray,,,
cinders,gray,,,
cinema,red,yellow,blue,
cinema cinnamon,brown,orange,,
cinema print,red,yellow,blue,black
cinnabar,purple,,,
cinnamon,red,brown,,
cinnamon combo,red ,brown,,
cinnamon crush,red,,,
cinnamon edge tie dye,red,brown,,
cinnamon heather,red,yellow,,
cinnamon leopard patent,red,white,,
cinnamon natural,red,brown,,
cinnamon nubuck,red,brown,,
cinnamon stick,red,brown,,
cinnamon sucre,red,brown,,
cioccolato,brown,,,
cioccolato (tan),brown,,,
cipra,beige,,,
cipria,beige,,,
cipria (nude),beige,,,
circa,blue,,,
circle,blue,,,
circle crochet,blue,purple,,
circle ornaments,blue,white,,
circle print,blue,black,,
circle tort,blue,,,
circle web print,blue,purple,black,
circuit,blue,,,
cirton,blue,,,
citadel,blue,,,
citrin,brown,,,
citrine,orange,,,
citrn,brown,,,
citron,yellow,,,
citron askew,yellow,white,,
citron blooms,yellow,,,
citron kiss,yellow,,,
citron scroll,yellow,,,
citronella,yellow,,,
citronelle,yellow,,,
citruese,yellow,,,
citrus,orange,,,
city,black,,,
city cheetah,black,yellow,,
city fog silk coating,black,white,,
city lights print,black,yellow,,
city print,black,,,
city rose,black,red,,
ck me out,black,white,,
cl bluette printe,black,blue,,
clair,red,,,
clair (c),red,,,
clair (nc),red,,,
clair (w),red,,,
clair ii,red,,,
clair n,red,,,
clambake,red,,,
claret,red,,,
claret check,red,,,
claret haircalf,red,yellow,,
claret no.,red,,,
clash,red,yellow,blue,
class bag,red,black,,
classic,red,,,
classic anchor,red,blue,,
classic check,red,black,,
classic colors,red,blue,yellow,
classic fair isle,red,yellow,,
classic gris,gray,yellow,,
classic havana,gray,blue,,
classic leopard,red,white,,
classic linen,red,black,,
classic mocha,red,brown,,
classic nude,red,black,,
classic ochre,red,white,,
classic oxford,red,,,
classic stone,red,gray,,
classic vintage,red,green,,
classic wash,red,blue,,
classic wine,red,,,
classically crete,blue,white,,
clay,brown,,,
clay elk,gray,,,
clay lizard,gray,green,,
clay overdye,gray,brown,,
clayton,gray,green,,
clean,blue,,,
clean dark,blue,black,,
clean rinse,blue,,,
clean slate,blue,white,,
clean turq,blue,,,
clear,blue,,,
clear (oro),blue,,,
clear a,blue,,,
clear b,blue,,,
clear c,blue,,,
clear combo,blue,red,,
clear crys,blue,,,
clear crystal,white,,,
clear cz,blue,,,
clear d,blue,,,
clear e,blue,,,
clear f,blue,,,
clear g,blue,,,
clear glow,blue,,,
clear h,blue,,,
clear i,blue,,,
clear intentions,blue,,,
clear j,blue,,,
clear k,blue,,,
clear l,blue,,,
clear lucite,blue,,,
clear m,blue,,,
clear n,blue,,,
clear natural,blue,,,
clear o,blue,,,
clear p,blue,,,
clear q,blue,,,
clear quartz,blue,,,
clear r,blue,,,
clear s,blue,,,
clear sequin,blue,,,
clear sky,blue,,,
clear sparkle,blue,,,
clear stripe,blue,,,
clear t,blue,,,
clear tear,blue,,,
clear turquoise,blue,,,
clear u,blue,,,
clear v,blue,,,
clear w,blue,,,
clear water,blue,,,
clear x,blue,,,
clear y,blue,,,
clear z,blue,,,
clearly glam,blue,,,
clearwater,blue,,,
clematis,purple,,,
clementine,orange,,,
cleo,brown,,,
cleopatra,brown,black,,
cleopatra in new york,brown,black,,
clever coconut,brown,white,,
cliche,purple,,,
click,green,,,
click (sh),green,,,
clip,black,,,
clive,black,,,
clock,black,brown,,
clock strikes,black,orange,,
clock strikes (m),black,orange,,
clock tower,black,beige,,
clocktower,black,beige,,
cloisonne,blue,,,
close,blue,,,
cloud,blue,white,,
cloud (ivory),blue,white,,
cloud break,blue,white,,
cloud burst,blue,white,,
cloud combo,blue,white,,
cloud cover,blue,white,,
cloud dancer,blue,white,,
cloud dancer multi,blue,white,black,
cloud dust,blue,white,beige,
cloud leather (lt grey),brown,beige,gray,
cloud multi,blue,white,purple,red
cloud my mind,blue,white,,
cloud patent,black,white,red,
cloud storm tie dye,blue,white,,
cloud stripe,blue,white,brown,
cloudaine,black,pink,,
cloudburst,blue,white,,
clouded leopard,black,beige,,
cloudy,blue,white,,
cloudy combo,blue,white,,
cloudy days,blue,white,,
cloudy evelyn,blue,white,,
cloudy heather,blue,yellow,,
clove,beige,green,,
clover,green,,,
clover mist,green,,,
clover multi,green,yellow,purple,
cloverfield,green,beige,,
cloves,green,,,
clr fabric,blue,purple,,
clschk,green,,,
clt brwn,brown,,,
clthea a tory nvy,blue,,,
club mix,purple,,,
club tropicana,blue,purple,red,
clutch,green,brown,black,
cm,brown,,,
cma,blue,,,
cmbar,blue,,,
cmlblk,black,,,
cmsead,red,white,blue,
cn,blue,purple,yellow,
cn butternut,beige,yellow,,
cn ecru,white,,,
cn rich chestnut,brown,white,,
cn rich mahogany,brown,purple,,
cnb,black,silver,,
cnnr,brown,beige,,
co,blue,white,,
coachella,black,white,,
coal,gray,black,,
coalmine,brown,gold,,
coast,blue,,,
coast heather,blue,,,
coastal,blue,,,
coastal combo,blue,,,
coastal coral,blue,,,
coastal link,blue,,,
coastal wash,blue,,,
coastal wax,blue,,,
coastalblue,blue,,,
coastl,blue,,,
coastline turq,blue,,,
coastline turquoise,blue,,,
coated elixir,black,,,
coated utah,blue,,,
coated vino,purple,red,,
cobain,brown,black,,
cobalt,blue,,,
cobalt extreme,blue,,,
cobaltcombo,blue,purple,,
cobalto,blue,,,
cobalto (blue),blue,,,
cobble stone,blue,gray,,
cobblestone,blue,gray,,
cobblestone twill,blue,gray,brown,
cobblestone(brown,blue,gray,brown,
cobolt,blue,,,
cobra,gold,silver,,
cobre,gold,,,
coca,silver,black,,
cocktail dress,red,pink,,
cocktails and coconuts,white,silver,,
coco,brown,,,
coco and sandalwood,brown,yellow,,
coco floral,brown,,,
coco pearl,beige,white,,
coco ravish,brown,red,,
coco suede,brown,beige,,
cocoa,brown,,,
cocoberry,brown,blue,,
cocobolo,brown,,,
cocobutter,brown,,,
coconut,white,,,
coconut frosting,white,,,
coconut grove,white,,,
coconut melange,white,,,
coconut rose,white,,,
coconut shell,white,,,
coconutiridescent,brown,,,
cocoon,white,,,
cocorita (lime),green,white,,
coddled,purple,red,,
code,red,green,,
coeur sucre,purple,pink,,
coffee,brown,,,
coffee african block,brown,purple,,
coffee bean,brown,,,
coffee bean leather,brown,,,
coffee bean suede,brown,,,
coffee date,brown,,,
coffee ground,brown,,,
coffee mel,brown,,,
coffee mul,brown,,,
coffee multi,brown,,,
coffee nubuck,brown,,,
coffee overdye,brown,blue,,
coffee palmer,brown,yellow,,
coffee rattle,brown,yellow,,
coffee shot,brown,,,
coffee tea or me,brown,,,
coffee(dk choco),brown,,,
coganc leather,brown,,,
cognac,brown,,,
cognac (),brown,,,
cognac (s),brown,,,
cognac aviator calf,brown,,,
cognac burnish,brown,,,
cognac crackle,brown,,,
cognac embossed leather,brown,,,
cognac extended calf,brown,,,
cognac faux leather,brown,,,
cognac faux suede,brown,,,
cognac iridescent,brown,,,
cognac kid,brown,,,
cognac lea,brown,,,
cognac leather,brown,,,
cognac milled,brown,,,
cognac multi,brown,,,
cognac sable,brown,,,
cognac smooth,brown,,,
cognac suede,brown,,,
cognac touch,brown,,,
cogniac,brown,,,
cogy,gray,,,
coho,beige,red,,
coiffed,brown,gold,,
coin edge,gold,silver,black,
coin heather,gold,silver,,
coin_black,gold,silver,black,
coin_grey,silver,gray,,
coin_tan,gold,beige,,
cola,orange,,,
colbalt,blue,,,
colbalt lace,blue,,,
colblt,blue,,,
colby,blue,,,
cold,blue,,,
cold dust,blue,,,
cold springs,blue,,,
cold stone,blue,gray,,
colette,blue,green,,
colla,red,white,,
collage,blue,red,yellow,green
collector palette face,pink,white,,
college navy,blue,,,
collegiate navy,blue,,,
collegiate plaid,blue,,,
collin,silver,,,
collins,silver,,,
colombia,blue,,,
colonial maple,brown,,,
color,red,green,blue,
color block,red,green,blue,
color block pack,red,green,blue,
color blocked,red,green,blue,
color booster,red,green,blue,
color booster undercoat,red,green,blue,
color correct sallowness,red,green,blue,
color corrects discoloration,red,green,blue,
color corrects dullness,red,green,blue,
color corrects dullness in deeper skin,red,green,blue,
color corrects redness,red,green,blue,
color cristallo,red,green,blue,
color du jour,red,green,blue,
color jacket,red,green,blue,
colorado,yellow,red,blue,
colorama,yellow,red,blue,
colorblock,black,orange,purple,white
colored gems,blue,orange,green,
colored tribal,blue,yellow,,
colorful stripe,yellow,black,,
colors,red,green,blue,
colour corrects discolourations,brown,beige,,
colour corrects dullness, brown,beige,,
colour corrects dullness in deeper skins,brown,beige,,
colour corrects redness,brown,beige,,
colour corrects sallowness,brown,beige,,
colour du jour (met),purple,pink,,
colt,red,silver,,
columbia,blue,,,
columbia road,blue,red,,
columbia wash,blue,red,,
combat,blue,,,
combination,blue,,,
combination skin,blue,,,
combo,blue,,,
combo stripe,blue,,,
come here,red,pink,,
comet,black,,,
comets,black,,,
comfort,blue,red,,
comfort blossom medium age destroy,blue,,,
comfort flacks raw,blue,,,
comfort flax raw,blue,,,
comfort frill medium aged,blue,,,
comfort helix d raw,blue,,,
comfort inox dark aged,blue,,,
comfort mute dark aged,blue,,,
comfort tribe dark aged,blue,,,
commander,blue,black,,
common cents,brown,,,
como,black,,,
compact duty dull deam,black,gray,white,
compass,blue,yellow,,
con limon,green,,,
concealer,pink,blue,,
conch glow,white,,,
conch shell,brown,yellow,,
concord,purple,,,
concord grape,purple,,,
concord multi,purple,green,,
concrete,blue,brown,,
concrete board twill,blue,brown,,
concrete heather,blue,brown,,
concrete jungle,blue,green,,
concrete perf nubuck,blue,yellow,,
concrete stripe,blue,brown,,
conemara,blue,white,,
confection,pink,black,,
confetti,purple,,,
confetti cake,beige,white,,
confetti stripe,beige,yellow,,
confidence,purple,blue,red,
confident,purple,blue,red,
congo,purple,,,
congo camgo,beige,brown,,
connaught square,blue,,,
connecticut,pink,,,
conquer wash,black,white,,
conrete,beige,brown,,
constellation,purple,gray,,
continenta,blue,red,,
continental,blue,red,,
contour,blue,red,yellow,
contourr,blue,red,yellow,
contrary canary,yellow,white,,
contrasts,blue,yellow,red,
controversy,blue,yellow,red,
convoitise,blue,yellow,red,
convoy,blue,yellow,red,
cookie,beige,brown,,
cookie(leopard),black,brown,,
cool,blue,,,
cooper,beige,,,
copaca,purple,white,,
copacabana,purple,white,,
copper,brown,,,
copper-,brown,,,
coque dor,red,,,
coquelic,red,orange,,
coquette,red,orange,,
coquette deco,red,pink,,
cora,blue,,,
corail,pink,,,
corail alla prima,red,pink,,
corail aquatique,red,pink,,
corail bagatelle,red,pink,,
corail dentelle,red,pink,,
corail fauve,red,pink,,
corail gandoura,red,pink,,
corail hold up,red,pink,,
corail holdup,red,pink,,
corail in love,red,pink,,
corail in touch,red,pink,,
corail incandescent,red,pink,,
corail intuitive,red,pink,,
corail jalouse,red,pink,,
corail legend,red,pink,,
corail lingot,red,pink,,
corail mutin,red,pink,,
corail mutini,red,pink,,
corail trapeze,red,pink,,
corail urbain,red,pink,,
coral,orange,,,
coral (pink),red,pink,,
coral balm,pink,,,
coral bandana,pink,,,
coral blame,pink,,,
coral blast,pink,,,
coral bliss,pink,,,
coral breez,pink,,,
coral burst,orange,,,
coral cabana,pink,purple,,
coral calf suede,pink,,,
coral calypso,red,pink,,
coral celebrate,red,pink,,
coral chine,red,pink,,
coral cloud,red,pink,,
coral coast,red,pink,,
coral comb,pink,,,
coral combo,red,pink,,
coral crinkle patent,red,orange,,
coral cruise,pink,,,
coral crush,pink,,,
coral crystal,red,pink,,
coral cult,red,pink,,
coral dot,red,pink,,
coral dot floral,red,pink,,
coral electri,red,pink,orange,
coral electric,red,pink,orange,
coral electric lines,red,pink,orange,
coral fabric,red,pink,orange,
coral fusion,pink,orange,,
coral glory,pink,orange,,
coral glow,pink,orange,,
coral haze,red,pink,,
coral heather,red,pink,,
coral in love,pink,orange,,
coral island,pink,orange,,
coral jersey,pink,orange,,
coral kid,pink,orange,,
coral kiss,pink,orange,,
coral leather,pink,orange,,
coral leopard,pink,orange,,
coral lizard,pink,orange,,
coral mist,pink,orange,,
coral multi,pink,orange,,
coral n,pink,orange,,
coral nubuck,pink,orange,,
coral nymph,pink,orange,,
coral ombre,pink,orange,,
coral papaya heather,pink,orange,,
coral patent,pink,orange,,
coral patent leather,pink,orange,,
coral peony,pink,orange,,
coral pop,pink,orange,,
coral poppy,pink,orange,,
coral poppy s,pink,orange,,
coral punch,pink,orange,,
coral punch floral dot,pink,orange,,
coral reef,red,pink,,
coral reef ( c ),red,pink,,
coral ribbon,red,pink,,
coral rocks,red,pink,,
coral roma,red,pink,,
coral romance,red,pink,,
coral rose,red,pink,,
coral rose tea,red,pink,,
coral rush,red,pink,,
coral rush melange,red,pink,,
coral sands,red,pink,,
coral serum,pink,orange,,
coral shell,pink,orange,,
coral shimmer,pink,orange,,
coral snake print,pink,orange,,
coral stone,red,orange,,
coral stripe,red,orange,,
coral suede,pink,orange,,
coral sugar,pink,orange,,
coral sugar catena print,pink,orange,,
coral sugar combo,pink,orange,,
coral sugar heather,pink,orange,,
coral sugar stripe,pink,orange,,
coral sunset,pink,orange,,
coral tie dye,pink,orange,,
coral totem,pink,orange,,
coral tulip,pink,orange,,
coral vibrations,pink,orange,,
coral wizz,pink,orange,,
coral zig zag,pink,orange,,
coralee,pink,orange,,
corallo,red,pink,,
corallo coral,red,pink,,
corazon,red,,,
cord,red,pink,,
corda nero,red,pink,,
corda tan,red,pink,,
cordial,red,,,
cordovan,red,,,
cordovan no.,red,,,
cordura,red,,,
core,red,,,
corfu,red,,,
coriander,red,,,
corinne,red,,,
corinthe,red,,,
corinthian,red,,,
cork,beige,brown,,
cork combo,beige,brown,,
cork foil,beige,silver,,
cork suede,beige,brown,,
corliss,red,white,,
corn,yellow,,,
cornell,red,,,
cornflake,red,pink,,
cornflower,red,yellow,,
cornflower multi,red,yellow,,
cornhusk,red,orange,,
corniola,red,orange,,
cornsilk,red,orange,,
cornsilk combo,red,orange,,
coromandel,red,pink,,
coronado,beige,gray,,
corozo,beige,brown,,
corozo (ivory),beige,brown,,
corp oran,red,orange,yellow,
correcteur,red,orange,yellow,
cotton,white,,,
cotton candy,pink,,,
cranberry,red,,,
cranberryred,red,,,
crayorange,orange,,,
cream,beige,,,
creampurple,purple,,,
creamtomato,red,,,
crema,beige,,,
creme,beige,,,
cristo,red,black,black,
crlmlt,pink,black,,
crm,blue,,,
croc,white,,,
croc hunter,black,,,
croc n chic,white,,,
crossfade,black,blue,red,
crosshatch,blue,,,
crosta,black,beige,,
crown,silver,white,,
croxley,silver,black,blue,
crush,pink,,,
curry,brown,,,
custard stripe,yellow,,,
cyan,blue,,,
cyan aster violet,purple,,,
cyber ruby,red,,,
cyclamin,red,purple,pink,
cyclone,blue,,,
cylinders,white,,,
cymbal,brown,black,,
cyprus,white,blue,,
d arcy,blue,,,
d billionaire,black,blue,red,
d gunmetal,gray,,,
d sparks,black,,,
d.blue,blue,,,
d.coffee,brown,,,
d.red,red,,,
d'arcy,blue,,,
daffodil,yellow,,,
daffodil(yellow),yellow,,,
dahliana,brown,,,
dainty ditsy periwinkle,blue,,,
daiquiri,pink,,,
daisy,yellow,white,,
daisy chain,white,yellow,,
daisy gardens,white,,,
dakota,black,white,,
dalmatian,white,black,,
damasco c,white,black,red,
damask floral,blue,white,,
damned,brown,black,,
damsel in a dress ( sh ),purple,,,
damson,red,,,
dana point wash,blue,,,
dance hoodie,gray,black,,
dancing rose,pink,purple,white,
dandelion,white,yellow,,
dandy dress,blue,,,
dandy mid,brown,,,
dangerous affair,red,brown,,
dangerous wash,blue,,,
danitza,blue,,,
daquiri,pink,,,
darian,blue,,,
dark aged,blue,,,
dark alligator,brown,,,
dark and clean,black,,,
dark army,gray,,,
dark ash,gray,,,
dark beige,beige,,,
dark bisque,brown,,,
dark bloom,black,gray,,
dark bordeaux calf,blue,red,,
dark boysenberry,purple,,,
dark bronze,silver,gray,,
dark brow kit,gray,brown,,
dark brown,brown,,,
dark bsq,beige,,,
dark burnt sugar,beige,,,
dark cement,beige,gray,,
dark chocoalte,brown,,,
dark clay,beige,,,
dark clean,black,,,
dark clean wash,blue,,,
dark clove,brown,,,
dark coco,brown,,,
dark coffee,black,,,
dark daisy,black,white,,
dark desert,beige,white,,
dark dune,beige,,,
dark dust,gray,,,
dark dusty rose,pink,,,
dark earth,brown,,,
dark earth nubuck,brown,,,
dark elephant,gray,beige,,
dark enzyme,blue,,,
dark enzyme wash,blue,,,
dark floral,black,blue,,
dark forest,green,,,
dark geranium,pink,,,
dark grape,purple,,,
dark graphite,gray,,,
dark grey,gray,,,
dark havana,brown,,,
dark heather,gray,,,
dark heather lead,gray,black,,
dark horn,black,gold,,
dark indigo,blue,,,
dark ivy,black,,,
dark java,brown,,,
dark kensington,blue,,,
dark knight,black,,,
dark kona,green,,,
dark lapis,blue,,,
dark loden,blue,,,
dark magenta,purple,,,
dark malachite,green,,,
dark malt,brown,,,
dark marine,blue,,,
dark maroon,brown,,,
dark midnight,blue,green,,
dark multi,blue,green,,
dark natural,brown,gold,,
dark navy,blue,black,,
dark new york,blue,,,
dark nubuck,brown,,,
dark oasis,blue,,,
dark olive,green,,,
dark olivee,green,,,
dark orange,orange,,,
dark pearl,gray,,,
dark pebble,beige,,,
dark purp(magenta,purple,,,
dark putty,gray,,,
dark rain,gray,,,
dark rainwash,blue,,,
dark red,red,,,
dark rinse,blue,,,
dark rose,red,,,
dark ruthenium,black,gray,,
dark sable no.,brown,,,
dark salmon,pink,,,
dark shadow,gray,,,
dark shadows,black,,,
dark shredded,gray,,,
dark sierra,blue,,,
dark slate,gray,,,
dark spring,blue,,,
dark spruce,gray,,,
dark stone,blue,,,
dark stone wash,blue,,,
dark stonewash,blue,,,
dark storm,blue,,,
dark storm wash,blue,,,
dark taupe,brown,,,
dark taupe leather,brown,,,
dark tint,brown,,,
dark tobacco,brown,,,
dark trench,beige,,,
dark vintage,blue,,,
dark violet,purple,,,
dark walnut,brown,,,
dark wash,blue,,,
dark winter glow combo,black,yellow,,
dark wood,brown,,,
darknight,blue,,,
darla,blue,,,
darth vader,black,,,
day lily,white,beige,,
daybreak,white,,,
daylight,white,,,
deadwood,blue,,,
deauville,beige,,,
decadent fig,purple,,,
deep (neutral),brown,,,
deep aubergine,purple,,,
deep claret,red,,,
deep coral,pink,,,
deep dark,gray,,,
deep dive,blue,,,
deep fango,beige,,,
deep forest,blue,,,
deep freesia,blue,,,
deep grape,brown,,,
deep intens,beige,,,
deep ivy,green,,,
deep jungle,green,,,
deep lake,blue,,,
deep lapis,blue,,,
deep marine,blue,,,
deep mink,brown,,,
deep natural,brown,,,
deep nolita,blue,,,
deep ocean,blue,,,
deep ochre,beige,,,
deep periwinkle,blue,,,
deep port,blue,,,
deep rose,red,,,
deep rye,black,gray,,
deep sea,blue,,,
deep sky,blue,,,
deep sky combo,blue,,,
deep space,green,,,
deep suede,brown,,,
deep throat,pink,,,
deep tourmaline,pink,,,
deep turquoise,green,blue,,
deep vintage,blue,,,
deep violet,purple,,,
deep water,blue,,,
deep waters,black,,,
deep wine,red,,,
deep wine crosshatch,red,,,
deep wood,blue,,,
deep woods,blue,,,
del mar,teal,,,
del mar medium,blue,,,
delancy,blue,,,
delancy no whiskers,blue,,,
delft,blue,,,
delft multi,blue,,,
delicat,teal,beige,,
delightfully natural,white,,,
delirium,blue,white,,
delphinium,blue,green,,
delray floral multi,orange,purple,blue,
demi buff,brown,,,
demi gloss lilac,blue,,,
denim,blue,,,
dennis rodman,black,red,,
denver broncos,white,blue,,
denver mix,blue,brown,,
desert argyle,blue,white,brown,
desert bands,red,black,blue,
desert dune,gray,,,
desert escape,red,brown,,
desert heat,beige,brown,blue,
desert lizard,gray,,,
desert pnk,pink,,,
desert rose,pink,,,
desert storm,beige,,,
desert turquoise,blue,green,,
desert wash,blue,,,
designer bloom,red,,,
designer foundation,beige,brown,,
desire,red,,,
destroyed ride,black,,,
destroyed rue de lille,blue,,,
destructed dark vintage,blue,white,,
destruction wash,blue,,,
destructo,black,,,
detroit lions,blue,,,
deviant,blue,,,
devonshire row (cream),purple,,,
devotion,gray,,,
dew (light grey),white,,,
dewdrop,yellow,,,
dewy,black,,,
di vino,red,pink,,
diagonal dots,blue,white,red,
diamond glitz,white,,,
diamond jacquard,white,,,
diamond maze,blue,white,,
diamond plaid,blue,white,,
diamond scarf,blue,,,
digital dots,blue,white,,
digital geo,black,blue,green,
digital snake,black,green,,
dijon,brown,,,
dimze,white,black,,
dolly rose,red,white,black,
dolphin,blue,yellow,,
dolphins,blue,yellow,,
dolphn,blue,yellow,,
dominatrix,black,,,
dominic,blue,,,
dominica,black,,,
donita,black,yellow,,
dore w,pink,,,
dot,black,,,
dot print,white,blue,,
double fudge,brown,,,
double truffle,brown,,,
doublet,gold,,,
dovetail,green,,,
dovima,red,white,,
dp lacqr,red,,,
dp teal,blue,,,
dpnavy,blue,,,
dprose,pink,,,
dr vnilla,white,,,
drab,brown,,,
dragon fruit,pink,,,
dragon scales,black,,,
dragonfly,green,,,
dragonfly (green),green,,,
dragonfly multi,green,blue,white,
dragonfruit,pink,,,
drakes,blue,,,
drama,blue,,,
dream,blue,,,
dream a little dream of me(ss),blue,,,
dream cycle,blue,,,
dream on,blue,,,
dream wash,blue,,,
dreamcatcher,blue,,,
dreams,blue,,,
dreamscape,blue,,,
dreamsicle,blue,,,
dreamy,blue,,,
dreamy diamonds,blue,,,
drenched_blue,blue,,,
dress,gray,black,,
dress blues,blue,,,
dress blues leather,blue,,,
dress blues stripes,blue,,,
dress gordon,green,white,gray,black
drew,blue,,,
drift,blue,,,
drift bleach,blue,,,
drift pat,beige,,,
driftwood,beige,,,
driftwood calf,beige,,,
driftwood destroy,beige,,,
driftwood plaid,beige,,,
driller,black,,,
drizzle,beige,,,
drk,blue,,,
drk havana,brown,,,
drk indig,blue,,,
drk kg,green,,,
drk slate,gray,,,
drkash,black,,,
drkgry,gray,pink,,
drkpny,pink,,,
droids,blue,white,,
drops of brandy,brown,,,
drought,blue,,,
drusy,blue,,,
dry dirt organic,black,,,
dry dust,brown,,,
dry rose,pink,,,
dry skin,beige,,,
dstrctd dk vintag,blue,,,
dstrcted bleached,white,,,
dsty blsh cognc,brown,,,
dsty chmbry w,blue,,,
dual flair lashes,black,,,
dual resort,beige,,,
dublin,green,,,
dubonnet,red,,,
dubonnet soft shine,red,,,
ducati,black,,,
duchess,silver,,,
duchess clvr prnt,blue,,,
duchess coral,pink,,,
duck egg,blue,,,
duck egg heart,blue,,,
duck egg sheep,blue,,,
duck egg spot,blue,,,
duffle bag heather,gray,,,
dusk,beige,,,
dusk (l),beige,,,
dusk bisque,beige,,,
dusk combo,gray,,,
dusk melange,blue,,,
dusk rose,beige,,,
dusk shimmer,gray,,,
dusk slate,gray,,,
dusk til' dawn,blue,,,
dusky blues,blue,,,
dusky rose combo,pink,,,
dust,brown,,,
dust rose,pink,,,
dusted,blue,,,
dusty,blue,,,
dusty brn,brown,,,
dusty chambray,red,,,
dusty mauve,purple,,,
dusty mink,pink,,,
dusty nude(brown),brown,,,
dusty petal,pink,,,
dusty pink,pink,,,
dusty ro,pink,,,
dusty rose,pink,,,
dusty rose no.,pink,,,
dusty sage,green,,,
dusty shale,blue,,,
dusty silver,silver,,,
dusty skies,blue,,,
dutchess,pink,,,
dutchess coral,pink,,,
dynamic,black,,,
eagle,blue,,,
ebony,black,,,
eclipse,blue,,,
ecru,white,,,
ecru heather,gray,white,,
ecru multi,white,red ,blue,
ecru sateen,white,,,
eggshell,white,,,
electric,blue,,,
ember,orange,,,
emerald,green,,,
emerald/ plum,green,,,
emeraldgreen,green,,,
emeraldsequin,green,,,
evergreen,blue,,,
exotique,white,,,
explosif,black,,,
expos,white,,,
extatique,red,,,
extrait rose,red,,,
extreme mascara,black,,,
fab life (sh),yellow,red,,
faded bandana,black,,,
faded glare,pink,white,,
faded lilac,green,,,
faded military,brown,,,
faded reptile print,white,,,
faded rose,red,,,
faded sandstone,blue,,,
faint gry melange,white,,,
fair game,white,,,
fair heather stripe,gray,,,
fairy cake,red,,,
fairy's kiss,brown,beige,,
faith,black,white,,
fake it,gold,silver,,
fake it til you make it,silver,,,
falcon,white,,,
fame (tc),black,white,,
family gathering,white,,,
fancy geometric navy,blue,,,
fantasme,black,,,
farouche,red,,,
fatigue,green,,,
faux suede,black,,,
fenix,yellow,red,,
fennel,green,white,,
fern,green,,,
ferrari,red,,,
feve tonka,black,,,
fever legging,silver,white,black,
fez,red,,,
fiamma,black,,,
fiddlesticks,black,,,
field rose no.,red,,,
fiery,red ,yellow,,
fiery attitude,red,,,
fiery coral,red,,,
fiery hot,red,,,
fiery red,red,,,
fig (purple),purple,,,
find me an oasis,white,,,
fire,red,,,
fireball,red,yellow,,
fireberry,red,,,
firecracker,red,,,
firey,red,,,
first kiss,pink,,,
first kiss plaid,pink,,,
first light,yellow,,,
first mate,blue,,,
first timer,green,,,
fisharello,blue,white,purple,
fit for a queen,blue,,,
flambe,red,pink,,
flame,red,,,
flatiron,black,,,
flight,blue,purple,,
flint,gray,,,
flintlock,red,black,,
flucking,yellow,,,
fluid sheer,pink,,,
flush,pink,,,
for keeps,red,,,
forest,green,,,
forestgreen,green,,,
forever,purple,,,
forever go,purple,,,
forrest,green,,,
fox,red,orange,,
foxey,blue,,,
foxtrot,beige,,,
free ride,pink,,,
freefall,purple,,,
french kiss,pink,,,
french lilac,purple,pink,,
french navy,blue,,,
french roast/ wine patent,brown,red,,
french sky,blue,,,
french taupe,purple ,pink,,
fresh ginger,beige,,,
fresh melon,pink ,orange,,
fresh rose,red,,,
friday greys,gray,,,
friday light greys,gray,,,
frivole,red,orange,,
frivolous,red,,,
frost,blue,,,
frosty lilac,purple,,,
froth,white,,,
frst grn,green,,,
fruit punch,red,,,
fsa light spring,white,,,
fshwtml,red,purple,,
fssil mlt,beige ,brown,,
fuchsia,purple,,,
full bloom,red,,,
full fierce bootie,black,beige,,
full steam ahead (sh),purple,,,
fuller fig,red,,,
fuller fudge,red,,,
fulton,red,,,
fumo,gray,purple,,
fuscha,red,purple,,
fuschia,purple,,,
fuscia,red,purple,,
fuxia,purple,red,,
fuxia fluo,pink,,,
fuxia mlt,black,,,
galante,purple,blue,,
galaxyblue,blue,,,
galaxygirl,black,,,
gazelle,orange,,,
gentleblue,blue,,,
ghost,pink,,,
ghostwhite,white,,,
gold,gold,,,
golden,gold,,,
granit,gray,,,
granite,gray,,,
gray,gray,,,
gray1,gray,,,
grays,gray,,,
greeen,green,,,
green,green,,,
greenblack,green,black,,
greenbrown,green,brown,,
grey,gray,,,
greystone,gray,,,
guest list,black,,,
gum,beige,,,
gunmetal,gray,,,
heather greay,gray,,,
heather grey,gray,,,
heather gry,gray,,,
heather leopard,black,orange,,
heather loam,black,,,
heather maroon,red,,,
heather navy,blue,,,
heather rose,red,,,
hematite,gray,,,
hemp melange,beige,,,
her own way garter skirt,black,,,
here kitty,black,,,
here kitty kitty,black,,,
hgrey,gray,,,
hi sweetie,red,,,
hibiscus (pink),pink,,,
hickory,white,,,
hidden forest,brown,,,
high vis yellow,yellow,,,
high voltage violet,purple,,,
highland park lan,black,,,
highland park lane,black,,,
hillsboro,blue,,,
holiday blues,blue,,,
holland,black,,,
holly medium,blue,,,
hollyhook,red,,,
hollywoodland,purple,,,
honey,gold,yellow,,
honeycomb,gold,,,
honeysuckle,white,,,
honor,black,,,
horse,brown,,,
horseshoe (pink,pink,,,
horseshoe (white,white,,,
hot air balloon print,black,white,,
hot cinnamon,red,,,
hot coralline,red,,,
hot flash,red,,,
hot pink,pink,,,
hot pink(new crn),pink,,,
hyper green,green,,,
hyssop,purple,,,
i know what boys like,blue,,,
i know what boys like (c),blue,,,
i'm not edible,pink,black,,
ibisco,red,,,
ice,blue,white,,
iceblue,blue,,,
iced coffee,brown,,,
iced frappe,brown,,,
iced grape,purple,,,
iced lotus,pink,,,
iced mocha,brown,beige,,
iced toffee,beige,,,
icedblue,blue,,,
icepnk,pink,,,
icing,white,,,
icone,red,,,
ignite,red,,,
ikat bliss,blue,white,,
ikat dress blues,blue,,,
im not edible,pink,black,,
imaginaire,pink,,,
impassioned,red,,,
imprl,purple,,,
impulsion,pink,,,
impulsive,purple,blue,,
imrhdjetxt,silver,black,,
imrxtl,gold,silver,,
in love,red,,,
in the buff,beige,,,
in the cab,blue,,,
in the garden,green,,,
in the knw bordax,red,purple,,
inca sunset,white,blue,,
incognito,pink,,,
incorrigible,red,,,
indaco,purple,,,
indecise,red,,,
india leather dog leash,brown,,,
india leather dopp kit,red,brown,,
india leather duffel bag,red,,,
indian brcd ylw,yellow,,,
indian daze,pink,,,
indian rose,red,,,
indian sunset,orange,,,
indigo,purple,,,
infatuation,pink,,,
inferno,red,,,
infrared,red,pink,,
ingenue,pink,red,,
ink,black,,,
inkblot,black,,,
inkblot multi,black,,,
inkblue,blue,,,
innocence,pink,,,
innocence couture,purple,,,
innocent,white,,,
inox,white,,,
instant deep,black,purple,,
instant light,pink,,,
intense ivy,black,,,
intense midnight,purple,black,,
intense peacock,blue,,,
intense peridot,gold,,,
intimate,red,,,
intns fchs,red,,,
intonation,red,,,
invisible bright,silver,,,
invisible matte,white,,,
iris,purple,,,
isla,blue,,,
island blossom,red,,,
island escape,red,,,
island hopping,purple,,,
island oasis,green,,,
island pink,pink,,,
island pnk,pink,,,
island rose,red,,,
island turquoise,blue,,,
isle (lt blue),blue,,,
it girl,pink,red,,
ivory,white,,,
jade,green,,,
jagged edge,purple,,,
jam jelly ( f ),purple,red,,
jam pears,yellow,green,,
jamaica me crazy (sh),red,purple,,
jane lashes,black,,,
january garnet,red,,,
jardin bagtel,yellow,,,
jasmine,yellow,,,
jeans,blue,,,
jet,black,,,
jet multi,black,blue,red,green
kaki,brown,,,
khaki,beige,,,
la dark,blue,,,
labradorite,blue,,,
lapis,blue,,,
lapis lazlu,blue,,,
lapis lazuli,blue,,,
lapis multi,blue,,,
lapis of luxury ( c ),blue,,,
lapisblue,blue,,,
large floral,red,,,
large stripe(blk),black,white,,
larice,white,,,
larimar,blue,,,
larkspur,blue,,,
last chance,green,,,
last tango,pink,,,
lasting kiss,pink,red,,
latigo bay,blue,,,
latte,brown,beige,,
latte (m),brown,beige,,
latte matte,brown,,,
lattice,green,,,
lava,red,,,
lavender,purple,,,
lead brwn,brown,,,
leaf,green,,,
leafgreen,green,,,
leaopard,yellow,black,,
leather,black,,,
legionblue,blue,,,
lemon,yellow,,,
lemonade,yellow,,,
lemonbonbon,yellow,,,
lemondrop,yellow,,,
lemondropyellow,yellow,,,
lemongrass,yellow,,,
lemonlimecombo,yellow,,,
lemonmeringue,yellow,,,
lemonsickle,yellow,,,
lemonsicle dot,yellow,,,
lemonsunkistcoral,yellow,,,
lemonsunsetcoral,yellow,,,
leopard pony,black ,brown,,
lettuce,green,,,
lettuce/ sage,green,,,
lick-orice,black,,,
licorice,black,,,
light,blue,,,
light acid wash,blue,,,
light aged,blue,,,
light blue,blue,,,
light grey,gray,,,
light lime,green,,,
light magenta,purple,,,
light mocha,brown,,,
light pink,pink,,,
light smoke,gray,,,
lightgold,gold,,,
lightgray,gray,,,
lightgraychine,gray,,,
lightgraycoral,gray,,,
lightgraym,gray,,,
lightgraymarl,gray,,,
lightgraymel,gray,,,
lightgraymelange,gray,,,
lightgraymelangen,gray,,,
lightgraymelnage,gray,,,
lightgrayyellow,gray,,,
lightgreen,green,,,
lightgrelmarl,gray,,,
lightheathergray,gray,,,
lightpeach,orange,,,
lightpink,pink,,,
lightpink55,pink,,,
lilac,purple,,,
lime,green,,,
limeaide,green,,,
limeblack,green,,,
limecream,green,,,
limegrape,green,,,
limegreen,green,,,
limelight,green,,,
limelight multi,green,,,
limelightgreen,green,,,
limeorange,orange,,,
limeyellow,yellow,,,
linen,white,,,
lobster,red,,,
london,blue,,,
london baby,blue,,,
london bus,blue,,,
london calling,blue,,,
london fog,blue,,,
london lilac,blue,,,
lucitegreen,green,,,
magenta,purple,,,
magentablack,purple,,,
magentapink,purple,,,
magentapurple,purple,,,
magentaspot,purple,,,
magentastripe,purple,,,
mandirin,orange,,,
mango,yellow,orange,,
marina,blue,,,
marina (blue),blue,,,
marine,blue,,,
marine (blue),blue,,,
marine dark,blue,,,
marine dark rinse,blue,,,
marine multi,blue,,,
marine suede,blue,,,
marine wash,blue,,,
marinedark,blue,,,
mariner,blue,,,
marsmallow,white,,,
matte wine,red,,,
medium beige,beige,,,
medium blue,blue,,,
mediumgray,gray,,,
mercury,blue,,,
merlot,red,,,
metal,gray,,,
metal wine,red,,,
metallic,silver,,,
midngiht,blue,,,
midngt,blue,,,
midnight,black,,,
midnight (black),black,,,
midnight (navy),navy,,,
midnight ash no.,gray,,,
midnight bl,blue,,,
midnight bleu,blue,,,
midnight bloom,red,,,
midnight burnish,blue,,,
midnight cami ( c ),blue,,,
midnight caviar,black,,,
midnight combo,black,,,
midnight cord,blue,,,
midnight crocus,purple,,,
midnight crush,black,,,
midnight diamond,black,,,
midnight dream,blue,,,
midnight eclipse,black,,,
midnight express,black,,,
midnight floral,black,red,,
midnight fog,gray,,,
midnight garden,blue,,,
midnight glow,blue,,,
midnight haze,gray,,,
midnight in malmo,black,,,
midnight kiss,red,,,
midnight multi,red,white,green,
midnight navy,blue,,,
midnight new york dark,blue,,,
midnight ny dark,blue,,,
midnight oak,brown,,,
midnight ombre,purple,brown,,
midnight pop,blue,,,
midnight rinse,blue,,,
midnight rose,black,,,
midnight sky,blue,,,
midnight suede,blue,,,
midnight tide,blue,,,
midnight wash,blue,,,
midnight waters,blue,,,
midnight(nvy,blue,,,
midnite,black,,,
midnt,black,,,
midnt sued,black,,,
midtown top,black,,,
miel,orange,,,
miel fonce iv,brown,,,
miel glace,pink,,,
miel glace (pearl),pink,,,
mightiest maraschino,red,,,
mighty mimosa,pink,,,
milady hot,blue,white,,
milan,blue,,,
mililtary,green,,,
militaire,green,,,
militant,green,black,,
militare,green,,,
military,green,,,
military bandana,green,black,yellow,
military combo,green,,,
military outsole,black,,,
military red,red,,,
milk,white,,,
mint,green,,,
mojave,beige,,,
molten,red,,,
month wash,blue,,,
moon,white,gray,,
moss,green,,,
mud,brown,,,
mulled wine,red,,,
mushroom,brown,,,
musk,brown,,,
mustard,yellow,,,
mustardyellow,yellow,,,
natl stamped pyth,beige,brown,,
natura,beige,,,
natural,beige,,,
natural (),beige,,,
natural (brown),beige,,,
natural (camel),beige,,,
nautical,blue,,,
navy,blue,,,
navyoffwhite,white,,,
navyorange,orange,,,
navypink,pink,,,
navyredwhite,red,white,,
navysilver,silver,,,
navyyellow,yellow,,,
navyyellowgray,yellow,gray,,
nectar,yellow,,,
neon,yellow,,,
neongreen,green,,,
neonpink,pink,,,
neonraspberry,red,,,
neptune,blue,,,
nero,black,,,
nero (black),black,,,
new vintage,blue,,,
nickel,silver,,,
night,black,,,
noir,black,,,
noir absolute,black,,,
noir combo,black,,,
noir rouge,black,,,
nude,beige,,,
nudeblack,black,,,
nudechalkblack,black,,,
nudechalkpink,pink,,,
nudecherry,red,,,
nudecream,white,,,
nudegold,gold,,,
nudepink,pink,,,
oatmeal,beige,,,
ocean,blue,,,
oil,blue,,,
oil slick,black,,,
oily,black,,,
olive,brown,,,
onyx,black,,,
opal,white,,,
orange,orange,,,
orangeblack,orange,,,
orangeblue,orange,,,
orangebrown,orange,,,
orangecamo,orange,,,
orangecoral,orange,,,
orangefloral,orange,,,
orangegray,orange,,,
orangejam,orange,,,
orangeleaf,orange,,,
orangelightblue,orange,,,
orangemarble,orange,,,
orangemarl,orange,,,
orangemesh,orange,,,
orangemulti,orange,,,
orangenavy,orange,,,
orangeorangelion,orange,,,
orangepatchwork,orange,,,
orangepeel,orange,,,
orangepink,orange,pink,,
orangepinkblack,orange,,,
orangeprint,orange,,,
orangered,orange,,,
orangesilver,orange,,,
orangesnakescale,orange,,,
orangetriangle,orange,,,
orangetropical,orange,,,
orangewblackstra,orange,black,,
orangeyellow,orange,yellow,,
orangeyellowcoral,orange,yellow,,
orchid,pink,,,
ore,black,gray,,
oynx,black,,,
oyster,gray,,,
peach,orange,,,
peacock,blue,,,
pearl grey,gray,,,
pearl marled,blue,,,
pebble,beige,,,
peony,gray,,,
peridot,gold,,,
persian red,red,,,
persian violet,purple,,,
pewter,gray,silver,,
pig,pink,,,
pink,pink,,,
piper,blue,,,
pistachio,beige,,,
platinum,gray,silver,,
plum,purple,,,
pool,blue,,,
poppy,pink,,,
porcelain,gray,,,
powder,white,,,
precious emerald,emerald,,,
prple dot,purple,white,,
prune,purple,,,
pure honey,gold,,,
purple,purple,,,
purplefloral,purple,,,
python,gray,black,,
raspberry,red,,,
red,red,,,
reef,blue,,,
retro cream,beige,,,
rhapsody,blue,,,
rich earth,black,,,
riviera,blue,,,
roccia,gray,white,black,
roccia (snake),gray,white,black,
rose,red,,,
roses,red,,,
rouge red,red,,,
royal,blue,,,
ruby,red,,,
rubyred,red,,,
rust,gray,,,
sage,green,,,
sand,beige,,,
sandstone,gray,,,
saphire,blue,,,
sapphire,blue,,,
sapphireblue,blue,,,
scarlet,red,,,
sea,blue,,,
sea mist,blue,,,
seaweed,green,,,
shiny ruby,red,,,
silver,silver,,,
silver81,silver,,,
silverchain,silver,,,
silverf,silver,,,
silverfox,gray,,,
sisal,beige,,,
smashing,pink,,,
smoke,gray,,,
soft grape,purple,,,
soft lilac,blue,,,
soft linen,white,,,
soft mahogany,brown,,,
soft pink,pink,,,
soft porcelain,beige,,,
soft rose,red,,,
soft sky,blue,,,
soft smoke,gray,,,
soft sunbeige,beige,,,
soft tangerine,pink,orange,,
soft white,white,,,
soft white(bone),white,,,
softly smokey,gray,,,
soiree,white,brown,black,
sol,white,,,
solar,orange,,,
solaris (black),black,,,
sole mate ( c ),white,gray,,
soleil cuivre,beige,,,
steel,gray,,,
stone,gray,,,
stone (grey),gray,,,
storm,blue,,,
storm cloud,gray,,,
storm heather,gray,,,
storm java,brown,,,
storm wintergreen,green,,,
stormy heather,gray,,,
strawberry,red,,,
sun,orange,,,
sunland,yellow,,,
sunlight,yellow,,,
sunlight glow,yellow,,,
sunned,yellow,,,
sunny,yellow,,,
sunny (yellow),yellow,,,
sunny beig,yellow,,,
sunny rouge,red,,,
sunset,orange,yellow,,
tan,beige,,,
tangerine,orange,,,
taupe,beige,,,
teal,blue,green,,
tidal,blue,,,
tin,silver,gray,,
tin metallic,silver,,,
tin pan,silver,,,
titanium,silver,,,
tnf black,black,,,
tnf red,red,,,
tomato,red,,,
tomatoe,red,,,
tomatored,red,,,
topaz,yellow,,,
tortoise,blue,,,
turquoise,blue,green,,
turquoise (dec),blue,,,
turquoise blue,blue,,,
ultramar,blue,,,
ultramar suede,blue,,,
ultramarine,blue,,,
vanilla,white,,,
velvet,red,,,
very cherry,red,,,
vetiver,gray,,,
vintage wine,red,,,
vinyard wine,red,,,
vinyl,black,,,
violet,purple,,,
violette,purple,,,
vwhite,white,,,
watermelon,pink,,,
waterviolet,purple,,,
wheat,beige,,,
whiskey leather,red,brown,,
whiskey suede,brown,,,
whiskey(brown),brown,,,
whisky,brown,,,
whisper,pink,,,
whistful mauve,purple,,,
whit,white,,,
white,white,,,
white (),white,,,
white01,white,,,
white100,white,,,
white70,white,,,
white71,white,,,
white74,white,,,
whitep22,white,,,
wht,white,,,
whtblk,white,black,,
whte,white,,,
whtgrn,white,green,,
whtnvy,white,blue,,
whtpnk,white,pink,,
whtwht,white ,,,
wick (black),black,,,
windsor wine,red,,,
wine,red,,,
wtrmeln,green,red,black,
yellow,yellow,,,
yellowflash,yellow,,,
yellowfloral,yellow,,,
yellowflower,yellow,,,
yellowgray,yellow,,,
yellowiris,yellow,,,
yellowmarl,yellow,,,
yellowmetal,yellow,,,
yellowmulti,yellow,,,
yellowneon,yellow,,,
yellowoverdye,yellow,,,
yellowpink,yellow,,,
yellowprint,yellow,,,
yellowredblue,yellow,,,
yellowsailor,yellow,,,
yellowsnake,yellow,,,
yellowwhite,yellow,,,
yellowwhitespot,yellow,,,
yelow,yellow,,,
ylgold,yellow,gold,,
ylw,yellow,,,
ylw multi,yellow,,,
ylwblu,yellow,blue,,
yokeyellow,yellow,,,
yucca,green,,,
z pink,pink,,,
zaffiroblue,blue,,,
zebra,black,white,,
zebrayellow,yellow,,,
zephyrblue,blue,,,
zeppelin,blue,,,
zest,yellow,,,
zesty lime,green,,,
zeyphr,blue,,,
zinc,silver,gray,,
zinc(silver),silver,,,
zinfandel,red,,,
zinfindel,red,,,
zinggray,gray,,,
zink,green,,,
zinnia,pink,,,
zip me up,purple,,,
zoo multi,red ,green ,blue,yellow
zorsamora,pink,,,
zucchini,green,,,
zulupink,pink,,,
adobe/ adobe,black,yellow,red,purple
arnl_gray,gray,,,
ash (gray),gray,,,
asphalt(gray),gray,black,,
asphault(gray),gray,black,,
athletic gray,gray,blue,,
aubergine combo,gray,,,
aubergine heather,gray,,,
aubergine multi,gray,,,
aubergine neero p,gray,,,
aubergine patent,gray,,,
aubergine velvet,gray,,,
aubergine w fuxia,gray,,,
band,yellow,red,purple,blue
band toe ring,pink,purple,black,
bandana,red,blue,black,
bandana print,red,blue,black,
bandeau,purple,blue,,
bandit,pink,blue,,
bangkok,pink,,,
bangles,pink,purple,,
bank,gray,,,
banker,gray,,,
banker melange,gray,,,
banker multi,gray,black,brown,
bar,pink,red,blue,yellow
barbarella,pink,,,
barbie,pink,,,
barbour,pink,,,
barchouli,pink,,,
bardot,pink,,,
bardot stripe,pink,,,
bare baby,pink,,,
bare combo,pink,,,
bare espresso,pink,,,
bare haze,pink,,,
bare mauve,pink,,,
bare mocha,pink,,,
bare rose,pink,,,
bare sparkle,pink,,,
barefoot princess,pink,,,
bari strip assorted,pink,,,
bari stripe assorted,pink,,,
bark (brown),pink,,,
bark montreal stripe,pink,,,
bark suede,pink,,,
bark wood,pink,,,
barlesque,pink,,,
barlett,pink,,,
barley melange,pink,,,
barley there,pink,,,
barley wood,brown,beige,,
barn owl,beige,white,,
barney,pink,,,
barolo,pink,,,
barracuda,purple,,,
barragan,purple,,,
barrow wash,purple,,,
bartender,purple,,,
base and top coat,black,white,,
base coat,black,white,,
baseline,red,blue,,
bashful,pink,purple,,
basic,red,green,blue,
basic multi,purple,,,
basics,red,green,blue,
basics multi,purple,,,
basilone,black,,,
basin,blue,,,
basket combo,blue,yellow,red,
basketball tshirt,gray,black,blue,
baskets,orange,white,,
basmati,purple,white,,
bat,black,,,
bathing beauty,blue,yellow,red,
batik,blue,purple,yellow,
batik floral,blue,purple,yellow,
batik land large,blue,white,,
batik mix print,blue,red,white,
batik print,red,brown,,
battleship,blue,white,,
baubles,blue,purple,yellow,
bavarian floral,purple,red,white,
bay rose,pink,red,,
bayou,purple,blue,,
bb,purple,,,
bbw crimson coatd,red,,,
bbypnk,pink,blue,,
bc,purple,white,,
bd,blue,,,
be,blue,,,
be caramel,beige,brown,yellow,
be dazzling,blue,,,
be gay,purple,blue,,
be ingenue,pink,,,
be lingerie,purple,pink,,
be meadow,green,,,
be vision,green,red,yellow,
beached blues,blue,,,
beachwood,beige,,,
beachwood destruction,blue,,,
beacon destroy,blue,,,
beaded back seam,beige,black,,
beanie (black,black,,,
beanie (blue,blue,,,
beanie (gray,gray,,,
beanie (green,green,,,
beanie (navy,blue,,,
beanie (orange,orange,,,
beanie (purple,purple,,,
beanie (red,red,,,
beanie (teal,blue,,,
beanie (yellow,yellow,,,
bear,brown,,,
bear bee,brown,yellow,,
beat check,black,purple,,
beat mens,black,,,
beautiful stranger,red,black,,
beauty sweater,red,,,
beaver,brown,,,
beckie,blue,,,
bed of roses,pink,red,,
bedford,brown,,,
bedford destroy,brown,,,
bedtime,brown,,,
beech (),red,,,
beech w,red,,,
beef,red,,,
beeswax,red,,,
beeswax leather,red,,,
beetle,red,,,
beetroot,red,,,
begonia,red,,,
begonia multi,red,,,
beigeanarchist,red,,,
beijing,purple,,,
bel,black,,,
belgian linen,white,,,
belgian linen basketweave,white,,,
belgrave floral,white,,,
believe,white,,,
bellagio,white,,,
belldjour,white,,,
belle d\'estrees,white,,,
belle de j,white,,,
bellflower multi,white,,,
bellin,white,,,
bellissima,white,,,
bellma,white,,,
ben,white,,,
benett,white,,,
benikinu,blue,green,,
bergamot,purple,,,
bergamot tobacco,purple,,,
bergenia,purple,,,
berkley square,purple,,,
berlin,yellow,,,
bermuda multi,yellow,,,
bernson,black,beige,,
berries,purple,,,
berry squares,purple,black,,
berrywine,purple,pink,,
bery explosion,purple,red,,
beryl,blue,,,
beryl green,blue,green,,
beshir coral,beige,brown,,
best,blue,purple,red,
best of both worlds,black,gray,red,
beta,blue,,,
bethnal,red,orange,,
betsey,purple,,,
better together,pink,,,
bettina,red,brown,,
betty,blue,red,yellow,
between the sheets,purple,,,
between the sheets (c),purple,,,
beva,green,,,
beyond sunset,red,yellow,,
bf,gray,,,
bf society,pink,,,
bff best boyfriend ( c ),purple,,,
bg,blue,green,yellow,red
bge,beige,brown,,
bge nb,beige,,,
bhole,brown,,,
bi,blue,purple,,
bill_gray,green,gray,,
blackandgray,black,gray,,
bright star,blue,,,
bright straw,blue,,,
brightens,yellow,green,,
brighton,purple,,,
brights,blue,yellow,red,
brillance,red,,,
brillapalooza,red,black,,
brilliance,red,,,
briquette (gray),gray,,,
brit,purple,,,
britbrit,purple,,,
british bu,brown,,,
british heritage,brown,,,
britt,beige,,,
brk,beige,,,
brocade,silver,gold,,
brocade georgette,silver,gold,,
broderick,silver,,,
bronz� iv,brown,,,
brooke,brown,,,
brooklyn,brown,,,
brooklyn bay,brown,,,
brooklyn dress,blue,,,
brooks,blue,,,
brunt,orange,,,
brushdot print,blue,purple,black,
brz,blue,,,
bsbry crmtc rn pn,red,,,
bt forst grn,blue,green,,
bt poppy,red,,,
bthbr,silver,,,
btmopdia,blue,,,
bubb mint(seagrn),green,,,
bubbilicious,blue,yellow,,
bubble,blue,,,
bubble bath,blue,,,
bubbles,blue,,,
buck,brown,,,
buckeye,red,white,,
buckingham court,red,,,
buckley,yellow,black,,
buckwheat,pink,gray,,
bud green,green,,,
buddha piece,red,brown,,
budgrn,green,,,
buell iv,green,,,
buenos aires,blue,red,yellow,
buff dotted suede,beige,,,
buff leather,beige,,,
buff lighting,beige,,,
buff n,beige,,,
caf� au lait,brown,white,,
candy cane,red,white,,
candy rose,pink,,,
candy sparkle,black,,,
cannella,gray,,,
cannelle,white,,,
carbone gray,gray,,,
castle (gray),black,gray,,
cement (lt gray),brown,gray,,
cloud leather (lt gray),brown,beige,gray,
coin_gray,silver,gray,,
corrosion,blue,white,,
corsa,red,,,
cosm pnk,pink,,,
cosmetic,beige,,,
cosmetic (sand),beige,,,
cosmetics,beige,,,
cosmic,blue,,,
country floral,blue,pink,,
cracked shadow,black,,,
creamy glow,pink,red,,
crime,black,white,,
crimson,red,,,
crushberry,red,,,
crushed coral,pink,,,
crushed grape,purple,,,
crushed ice,blue,,,
crushed rose,red,,,
crushed stone,grey,,,
cucumber,green,,,
cucumber combo,green,,,
cuero (tan),brown,,,
cuppycake,pink,red,yellow,
currant affair,purple,,,
cute as a button,blue,,,
cute as a button ( c ),blue,,,
cw_black,black,,,
cw_blue,blue,,,
cw_green,green,,,
cw_gray,gray,,,
dark gray,gray,,,
destin,purple,,,
destructed bleach,white,,,
destructed bleached,white,,,
dew (light gray),white,,,
diablo,blue,,,
diamond,silver,,,
diamond geezer,silver,,,
diamond geo print,blue,,,
digital snake print,black,green,,
digital tapestry,black,brown,,
dino multi,white,orange,blue,
dirty martini,gray,,,
dirty martini multi,black,gray,,
disco glitter,silver,,,
dist army,gray,,,
distinctive,blue,,,
distressed army,gray,,,
distressed gunmetal,grey,,,
distressed leather,black,,,
dkgray,gray,,,
dknavy,blue,,,
dkpink multi,pink,,,
dkprpl,purple,,,
dodgy barnett,pink,,,
dog park,red,,,
doily,black,,,
dollar sign,black,,,
dollface,red,pink,,
dollicious,red,,,
dulce de leche,brown,,,
dulche de leche,brown,,,
dune (sand),brown,,,
dune rose,rose,,,
dune(sand),beige,,,
dunes,beige,,,
earth combo,black,,,
earth reflection,black,,,
ebano,black,,,
eccentrico,red,,,
eclipse wash,blue,,,
eco forge,blue,,,
ecote,black,,,
ecstacy,red,,,
ecstasy,red,,,
egon,white,,,
egret,white,green,,
egyptian,white,,,
eiffel tower,silver,gold,,
eight year,blue,,,
eighteenth year,blue,,,
eiko,gray,,,
eileen,black,gray,white,
el dorado,brown,,,
elctrc blu,blue,,,
elderberry,black,,,
electric (blue),blue,,,
electric blue,blue,,,
electric coral,pink,,,
electric mauve,pink,,,
electric melon,purple,,,
electric peacock,white,,,
electric turquoise,white,blue,,
elecwhte,white,,,
elegance dress,black,white,,
elephant (gray),gray,,,
elephant calf,brown,,,
elettrico,blue,white,,
elica chartreuse,blue,white,yellow,green
elipse (blue),blue,,,
ella butterfly,black,red,blue,
elle,blue,,,
ellie,blue,,,
elm,blue,,,
elm dark,blue,,,
eminance,blue,,,
eminence,blue,,,
esmaralda,green,,,
esmeralda,green,,,
espesso (brown),brown,,,
espresso,brown,,,
espresso (),brown,,,
espresso bean,brown,,,
espresso bean leather,brown,,,
espresso calf,brown,,,
espresso leather,brown,,,
espresso suede,brown,,,
espresso to go,brown,,,
esprso,brown,,,
estate blu,blue,,,
estate blue,blue,,,
estatic,blue,,,
euphrate,silver,,,
flagship t,blue,,,
flamme,,,,
floral,black,red,blue,yellow
floral heart,silver,,,
floral love,white,,,
floral orange,orange,,,
florida,blue,,,
friday grays,gray,,,
friday light grays,gray,,,
geisha lashes,black,,,
geo floral,blue,white,,
geo placement,yellow,red,black,
geometric blue,blue,,,
geranium (pink),pink,,,
geranium calf,white,,,
getaway girl,black,,,
geyser foil,gold,,,
gigolo,red,,,
ginger root,brown,,,
gingham (gray),gray,,,
girl talk,blue,,,
gld,gold,,,
glitter and be gay,silver,blue,gold,
glod,white,,,
gloss cinnamon,pink,white,,
gloss rouge,pink,,,
go fig,blue,black,,
goldie,gold,,,
golds,gold,,,
goldtone,gold,,,
goldwash,gold,,,
goleta,black,,,
gracy,red,,,
grand prix,silver,black,,
grand sophie,white,,,
grape juice,purple,,,
grape multi,purple,,,
grape vine,black,,,
graphic pineapple print,yellow,black,,
gravel,gray,,,
gravel (gray),gray,,,
gray),gray,,,
graystone,gray,,,
gunmental,gray,,,
gunmetal and blac,gray,black,,
gunmetal and turquoise,gray,blue,,
heart of new york,silver,gold,,
heather gray,gray,,,
heeia (blue),blue,,,
hello sailor,blue,,,
hgray,gray,,,
john snow,white,red,,
light gray,gray,,,
lunar,blue,,,
pearl gray,gray,,,
stone (gray),gray,,,
